Mineral name,Chemical formula,Subgroup,Group,Machine readable formula, Elemental wt%,Oxide wt%
acanthite,Ag2S,acanthite group,sulfide,"[['Ag', 2, 1], ['S', 1, -2]]","{'Ag': 87.06, 'S': 12.94}",
arsenopyrite,FeAsS,arsenopyrite group,sulfide,"[['Fe', 1, 2], ['As', 1, 0], ['S', 1, -2]]","{'Fe': 34.3, 'As': 46.01, 'S': 19.69}",
chalcocite,Cu2S,chalcocite-digenite group,sulfide,"[['Cu', 2, 1], ['S', 1, -2]]","{'Cu': 79.86, 'S': 20.14}",
chalcopyrite,CuFeS2,chalcopyrite group,sulfide,"[['Cu', 1, 1], ['Fe', 1, 3], ['S', 2, -2]]","{'Cu': 34.63, 'Fe': 30.43, 'S': 34.94}",
cobaltite,CoAsS,cobaltite group,sulfide,"[['Co', 1, 3], ['As', 1, 1], ['S', 1, -2]]","{'Co': 35.52, 'As': 45.16, 'S': 19.32}",
galena,PbS,galena group,sulfide,"[['Pb', 1, 2], ['S', 1, -2]]","{'Pb': 86.6, 'S': 13.4}",
löllingite,FeAs2,löllingite group,sulfide,"[['Fe', 1, 2], ['As', 2, -1]]","{'Fe': 27.15, 'As': 72.85}",
safflorite,CoAs2,löllingite group,sulfide,"[['Co', 1, 2], ['As', 2, -1]]","{'Co': 28.23, 'As': 71.77}",
rammelsbergite,NiAs2,löllingite group,sulfide,"[['Ni', 1, 2], ['As', 2, -1]]","{'Ni': 28.15, 'As': 71.85}",
molybdenite,MoS2,molybdenite group,sulfide,"[['Mo', 1, 4], ['S', 2, -2]]","{'Mo': 59.94, 'S': 40.06}",
millerite,NiS,nan,sulfide,"[['Ni', 1, 2], ['S', 1, -2]]","{'Ni': 64.67, 'S': 35.33}",
bornite,Cu5FeS4,nan,sulfide,"[['Cu', 5, 1], ['Fe', 1, 3], ['S', 4, -2]]","{'Cu': 63.32, 'Fe': 11.13, 'S': 25.56}",
covellite,CuS,nan,sulfide,"[['Cu', 1, 2], ['S', 1, -2]]","{'Cu': 66.47, 'S': 33.53}",
cinnabar,HgS,nan,sulfide,"[['Hg', 1, 2], ['S', 1, -2]]","{'Hg': 86.22, 'S': 13.78}",
enargite,Cu3AsS4,nan,sulfide,"[['Cu', 3, 1], ['As', 1, 5], ['S', 4, -2]]","{'Cu': 48.41,  'As': 19.02, 'S': 32.57}",
realgar,As4S4,nan,sulfide,"[['As', 4, 2], ['S', 4, -2]]","{'As': 70.03, 'S': 29.97}",
orpiment,As2S3,nan,sulfide,"[['As', 2, 3], ['S', 3, -2]]","{'As': 60.91, 'S': 39.09}",
nickeline,NiAs,nickeline group,sulfide,"[['Ni', 1, 2], ['As', 1, -2]]","{'Ni': 43.93, 'As': 56.07}",
pentlandite,"(Ni,Fe)9S8",pentlandite group,sulfide,"[['Ni', 4.5, 2], ['Fe', 4.5, 2], ['S', 8, -2]]","{'Ni': 34.22, 'Fe': 32.56, 'S': 33.23}",
pyrargyrite,Ag3SbS3,proustite grooup,sulfide,"[['Ag', 3, 1], ['Sb', 1, 3], ['S', 3, -2]]","{'Ag': 59.76, 'Sb': 22.48, 'S': 17.76}",
proustite,Ag3AsS3,proustite grooup,sulfide,"[['Ag', 3, 1], ['As', 1, 3], ['S', 3, -2]]","{'Ag': 65.41, 'As': 15.14, 'S': 19.44}",
pyrite,FeS2,pyrite group,sulfide,"[['Fe', 1, 2], ['S', 2, 1]]","{'Fe': 46.55, 'S': 53.45}",
troilite,FeS,pyrrhotite group,sulfide,"[['Fe', 1, 2], ['S', 1, -2]]","{'Fe': 63.53, 'S': 36.47}",
pyrrhotite*,Fe7S8,pyrrhotite group,sulfide,"[['Fe', 5, 2], ['Fe', 2, 3], ['S', 8, -2]]","{'Fe': 60.38, 'S': 39.62}",
skutterudite,CoAs3,skutterudite group,sulfide,"[['Co', 1, 3], ['As', 3, -1]]","{'Co': 20.77, 'As': 79.23}",
nickelskutterudite,NiAs3,skutterudite group,sulfide,"[['Ni', 1, 3], ['As', 3, -1]]","{'Ni': 20.71, 'As': 79.29}",
sphalerite,ZnS,sphalerite group,sulfide,"[['Zn', 1, 2], ['S', 1, -2]]","{'Zn': 67.1, 'S': 32.9}",
stibnite,Sb2S3,stibnite group,sulfide,"[['Sb', 2, 3], ['S', 3, -2]]","{'Sb': 71.69, 'S': 28.31}",
tennantite,Cu6(Cu4C2+2)As4S12S,tennantite subgroup,sulfide,"[['Cu', 6, 1], ['Cu', 4, 1], ['As', 4, 3], ['S', 13, -2]]","{'Cu': 47, 'As': 22.17, 'S': 30.83}",
tellurantimony,Sb2Te3,tetradymite group,sulfide,"[['Sb', 2, 3], ['Te', 3, -2]]","{'Sb': 38.88, 'Te': 61.12}",
tellurobismuthite,Bi2Te3,tetradymite group,sulfide,"[['Bi', 2, 3], ['Te', 3, -2]]","{'Bi': 52.2, 'Te': 47.8}",
tetrahedrite,Cu6(Cu4C2+2)Sb4S12S,tetrahedrite group,sulfide,"[['Cu', 6, 1], ['Cu', 4, 1],  ['Sb', 4, 3], ['S', 13, -2]]","{'Cu': 41.28, 'Sb': 31.64, 'S': 27.08}",
barite,BaSO4,barite group,sulfate,"[['Ba', 1, 2], ['S', 1, 6], ['O', 4, -2]]","{'Ba': 58.84, 'S': 13.74, 'O': 27.42}","{'BaO': 65.7, 'SO3': 34.3}"
anglesite,PbSO4,barite group,sulfate,"[['Pb', 1, 2], ['S', 1, 6], ['O', 4, -2]]","{'Pb': 68.32, 'S': 10.57, 'O': 21.1}","{'PbO': 73.6, 'SO3': 26.4}"
celestine,SrSO4,barite group,sulfate,"[['Sr', 1, 2], ['S', 1, 6], ['O', 4, -2]]","{'Sr': 47.7, 'S': 17.45, 'O': 34.84}","{'SrO': 56.41, 'SO3': 43.59}"
anhydrite,Ca(SO4),nan,sulfate,"[['Ca', 1, 2], ['S', 1, 6], ['O', 4, -2]]","{'Ca': 29.44, 'S': 23.55, 'O': 47.01}","{'CaO': 41.19, 'SO3': 58.81}"
wulffite,K3NaCu4O2(SO4)4,nan,sulfate,"[['K', 3, 1], ['Na', 1, 1], ['Cu', 4, 2], ['S', 4, 6], ['O', 18, -2]]","{'K': 14.47, 'Na': 2.84, 'Cu': 31.35, 'S': 15.82, 'O': 35.52}","{'Na2O': 3.83, 'SO3': 39.5, 'K20': 17,43, 'CuO': 39.25}"
sulphohalite,Na6(SO4)2FCl,perovskite group,sulfate,"[['Na', 6, 1], ['S', 2, 6], ['O', 8, -2], ['F', 1, 1], ['Cl', 1, 1]]","{'Na': 35.87, 'S': 16.68, 'O': 33.29, 'F': 4.94, 'Cl': 9.22}","{'Na2O': 48.36, 'SO3': 41.64, 'Cl': 7,14, 'F': 2.86}"
fluorite,CaF2,fluorite group,halide,"[['Ca', 1, 2], ['F', 2, -1]]","{'Ca': 51.33, 'F': 48.67}",
cryolithionite,Na3Al2(LiF4)3,garnet group,halide,"[['Na', 3, 3], ['Al', 2, 3], ['Li', 3, 1], ['F', 12, -1]]","{'Na': 18.55, 'Al': 14.52, 'Li': 5.6, 'F': 61.33}",
halite,NaCl,halite group,halide,"[['Na', 1, 1], ['Cl', 1, -1]]","{'Na': 39.34, 'Cl': 60.66}",
griceite,LiF,halite group,halide,"[['Li', 1, 1], ['F', 1, -1]]","{'Li': 26.76, 'F': 73.24}",
sylvite,KCl,halite group,halide,"[['K', 1, 1], ['Cl', 1, -1]]","{'K': 52.45, 'Cl': 47.55}",
villiaumite,NaF,halite group,halide,"[['Na', 1, 1], ['F', 1, -1]]","{'Na': 54.75, 'F': 45.25}",
chlorocalcite,KCaCl3,perovskite group,halide,"[['K', 1, 1], ['Ca', 1, 2], ['Cl', 3, -1]]","{'K': 21.07, 'Ca': 21.6, 'Cl': 57.32}",
mottramite,PbCu(VO4)(OH),adelite-descloizite group,vanadate,"[['Pb', 1, 2], ['Cu', 1, 2], ['V', 1, 5], ['O', 5, -2], ['H', 1, 1]]","{'Pb': 51.45, 'Cu': 15.78, 'V': 12.65, 'O': 19.87, 'H': 0.25}","{'PbO': 55.42, 'CuO': 19.75, 'V2O5': 22.58, 'H2O': 2.24}"
vanadinite,Pb5(VO4)3Cl,apatite group,vanadate,"[['Pb', 5, 2], ['V', 3, 5], ['O', 12, -2], ['Cl', 1, 1]]","{'Pb': 73.15, 'V': 10.79, 'O': 13.56, 'Cl': 2.5}","{'PbO': 78.80, 'V2O5': 19.26, 'Cl': 2}"
boracite,Mg3(B7O13)Cl,boracite group,borate,"[['Mg', 3, 2], ['B', 7, 3], ['O', 13, -2], ['Cl', 1, 1]]","{'Mg': 18.6, 'B': 19.3, 'O': 53.06, 'Cl': 9.04}","{'MgO': 30.84, 'B2O3': 62.15, 'Cl': 7}"
chambersite,Mn2+3(B7O13)Cl,boracite group,borate,"[['Mn', 3, 2], ['B', 7, 3], ['O', 13, -2], ['Cl', 1, 1]]","{'Mn': 34.06, 'B': 15.64, 'O': 42.98, 'Cl': 7.33}","{'MnO': 43.98, 'B2O3':  50.35, 'Cl': 5.68}"
congolite*,"(Fe2+,Mg)3(B7O13)Cl",boracite group,borate,"[['Fe', 2, 2], ['Mg', 1, 2], ['B', 7, 3], ['O', 13, -2], ['Cl', 1, 1]]","{'Fe': 24.54, 'Mg': 5.34, 'B': 16.63, 'O': 45.7, 'Cl': 7.79}","{'FeO': 31.6, 'MgO': 8.86, 'B2O3':  53.56, 'Cl': 7.79}"
ericaite*,Fe2+3(B7O13)Cl,boracite group,borate,"[['Fe', 3, 2], ['B', 7, 3], ['O', 13, -2], ['Cl', 1, 1]]","{'Fe': 34.43, 'B': 15.55, 'O': 42.74, 'Cl': 7.28}","{'FeO': 44.32, 'B2O3':  50.08, 'Cl': 7.28}"
trembathite,"(Mg,Fe)3(B7O13)Cl",boracite group,borate,"[['Mg', 2.25, 2], ['Fe', 0.75, 2], ['B', 7, 3], ['O', 13, -2], ['Cl', 1, 1]]","{'Mg': 13.16, 'Fe': 10.08, 'B': 18.2, 'O': 50.04, 'Cl': 8.53}","{'MgO': 21.82, 'FeO': 12.96, 'B2O3': 58.62, 'Cl': 6.61}"
hambergite,Be2(BO3)(OH),nan,borate,"[['Be', 2, 2], ['B', 1, 3], ['O', 4, -2], ['H', 1, 1]]","{'Be': 19.21, 'B': 11.52, 'O': 68.2, 'H': 1.07}","{'BeO': 53.31, 'B2O3':  37.09, 'H2O': 9.60}"
colemanite,Ca[B3O4(OH)3] · H2O,nan,borate,"[['Ca', 1, 2], ['B', 3, 3], ['O', 7, -2], ['H', 3, 1]]","{'Ca': 21.37, 'B': 17.29, 'O': 59.72, 'H': 1.61}","{'CaO': 27.28, 'B2O3':  50.81, 'H2O': 21.91}"
scheelite,Ca(WO4),scheelite group,molybdate,"[['Ca', 1, 2], ['W', 1, 6], ['O', 4, -2]]","{'Ca': 13.92, 'W': 63.85, 'O': 22.23}","{'CaO': 19.48, 'WO3': 80.52}"
powellite,Ca(MoO4),scheelite group,molybdate,"[['Ca', 1, 2], ['Mo', 1, 6], ['O', 4, -2]]","{'Ca': 20.04, 'Mo': 47.97, 'O': 32.0}","{'CaO': 28.04, 'MoO3': 71.96}"
stolzite,Pb(WO4),scheelite group,molybdate,"[['Pb', 1, 2], ['W', 1, 6], ['O', 4, -2]]","{'Pb': 45.53, 'W': 40.4, 'O': 14.06}","{'PbO': 49.05, 'WO3': 50.95}"
wulfenite,Pb(MoO4),scheelite group,molybdate,"[['Pb', 1, 2], ['Mo', 1, 6], ['O', 4, -2]]","{'Pb': 56.43, 'Mo': 26.13, 'O': 17.43}","{'PbO2': 63.15, 'MoO3': 37.21}"
adelite,CaMg(AsO4)(OH),adelite-descloizite group,arsenate,"[['Ca', 1, 2], ['Mg', 1, 2], ['As', 1, 5], ['O', 5, -2], ['H', 1, 1]]","{'Ca': 18.19, 'Mg': 11.03, 'As': 34.01, 'O': 36.31, 'H': 0.46}","{'CaO': 25.45, 'MgO': 18.29, 'As2O5':  52.16, 'H2O': 4.09}"
austinite,CaZn(AsO4)(OH),adelite-descloizite group,arsenate,"[['Ca', 1, 2], ['Zn', 1, 2], ['As', 1, 5], ['O', 5, -2], ['H', 1, 1]]","{'Ca': 15.33, 'Zn': 25.01, 'As': 28.66, 'O': 30.61, 'H': 0.39}","{'CaO': 21.45, 'ZnO': 31.14, 'As2O5':  43.96, 'H2O': 3.45}"
svabite,Ca5(AsO4)3F,apatite group,arsenate,"[['Ca', 5, 2], ['As', 3, 5], ['O', 12, -2], ['F', 1, 1]]","{'Ca': 31.5, 'As': 35.33, 'O': 30.18, 'F': 2.99}","{'CaO': 44.08, 'As2O5':  54.20, 'F': 1.73}"
mimetite,Pb5(AsO4)3Cl,apatite group,arsenate,"[['Pb', 5, 2], ['As', 3, 5], ['O', 12, -2], ['Cl', 1, 1]]","{'Pb': 69.61, 'As': 15.1, 'O': 12.9, 'Cl': 2.38}","{'PbO': 74.99, 'As2O5':  23.17, 'Cl': 1.84}"
adamite,Zn2(AsO4)(OH),olivenite group,arsenate,"[['Zn', 2, 2], ['As', 1, 5], ['O', 5, -2], ['H', 1, 1]]","{'Zn': 45.61, 'As': 26.13, 'O': 27.9, 'H': 0.35}","{'PbO': 56.78, 'As2O5':  40.08, 'H2O': 3.14}"
olivenite,Cu2(AsO4)(OH),olivenite group,arsenate,"[['Cu', 2, 2], ['As', 1, 5], ['O', 5, -2], ['H', 1, 1]]","{'Cu': 44.91, 'As': 26.47, 'O': 28.27, 'H': 0.36}","{'CuO': 56.21, 'As2O5':  40.61, 'H2O': 3.18}"
eveite,Mn2+2(AsO4)(OH),olivenite group,arsenate,"[['Mn', 2, 2], ['As', 1, 5], ['O', 5, -2], ['H', 1, 1]]","{'Mn': 41.34, 'As': 28.19, 'O': 30.1, 'H': 0.38}","{'MnO': 53.38, 'As2O5':  43.24, 'H2O':3.39}"
fluor-apatite,Ca5(PO4)3F,apatite group,phosphate,"[['Ca', 5, 2], ['P', 3, 5], ['O', 12, -2], ['F', 1, 1]]","{'Ca': 39.74, 'P': 18.43, 'O': 38.07, 'F': 3.77}","{'CaO': 55.60, 'P2O5': 42.22, 'F':2.18}"
chlorapatite ,Ca5(PO4)3Cl,apatite group,phosphate,"[['Ca', 5, 2], ['P', 3, 5], ['O', 12, -2], ['Cl', 1, 1]]","{'Ca': 38.48, 'P': 17.84, 'O': 36.87, 'Cl': 6.81}","{'CaO': 53.84, 'P2O5': 40.89, 'Cl':5.27}"
hydroxyapatite,Ca5(PO4)3OH,apatite group,phosphate,"[['Ca', 5, 2], ['P', 3, 5], ['O', 13, -2], ['H', 1, 1]]","{'Ca': 39.89, 'P': 18.5, 'O': 41.41, 'H': 0.2}","{'CaO': 55.82, 'P2O5': 42.39, 'H2O':1.79}"
pyromorphite,Pb5(PO4)3Cl,apatite group,phosphate,"[['Pb', 5, 2], ['P', 3, 5], ['O', 12, -2], ['Cl', 1, 1]]","{'Pb': 76.38, 'P': 6.85, 'O': 14.16, 'Cl': 2.61}","{'CaO': 82.28, 'P2O5': 15.70, 'Cl':2.02}"
berzeliite,(NaCa2)Mg2(AsO4)3,garnet group,phosphate,"[['Na', 0.75, 1], ['Ca', 2.25, 2], ['Mg', 2, 2], ['As', 3, 5], ['O', 12, -2]]","{'Na': 2.93, 'Ca': 15.33, 'Mg': 8.55, 'As': 39.54, 'O': 33.77}","{'CaO': 23.44, 'As2O5': 56.76, 'Na2O':4.31, 'MgO': 15.49}"
manganberzeliite,(NaCa2)Mn2+2(AsO4)3,garnet group,phosphate,"[['Na', 1, 1], ['Ca', 2, 2], ['Mn', 2, 2], ['As', 3, 5], ['O', 12, -2]]","{'Na': 3.65, 'Ca': 12.73, 'Mn': 17.45, 'As': 35.69, 'O': 30.49}","{'CaO': 19.1, 'As2O5': 51.46, 'Na2O':5.28, 'MnO': 24.16}"
schäferite,(NaCa2)Mg2(VO4)3,garnet group,phosphate,"[['Na', 1, 1], ['Ca', 2, 2], ['Mg', 2, 2], ['V', 3, 5], ['O', 12, -2]]","{'Na': 4.63, 'Ca': 16.14, 'Mg': 9.79, 'V': 30.78, 'O': 38.66}","{'CaO': 22.56, 'V2O5': 54.94, 'Na2O': 6.24, 'MgO': 16.23}"
monazite*,CePO4,monazite group,phosphate,"[['Ce', 1, 3], ['P', 1, 5], ['O', 4, -2]]","{'Ce': 59.6, 'P': 13.18, 'O': 27.22}","{'Ce2O3': 69.78, 'P2O5': 30.20}"
xenotime,YPO4,xenotime group,phosphate,"[['Y', 1, 3], ['P', 1, 5], ['O', 4, -2]]","{'Y': 48.35, 'P': 16.84, 'O': 34.81}","{'Y2O3': 61.40, 'P2O5': 38.60}"
calcite,Ca(CO3),calcite group,carbonate,"[['Ca', 1, 2], ['C', 1, 4], ['O', 3, -2]]","{'Ca': 40.04, 'C': 12.0, 'O': 47.96}","{'CaO': 56.03, 'CO2': 43.97}"
strontianite,Sr(CO3),aragonite group,carbonate,"[['Sr', 1, 2], ['C', 1, 4], ['O', 3, -2]]","{'Sr': 59.35, 'C': 8.14, 'O': 32.51}","{'SrO':70.19, 'CO2': 29.81}"
witherite,BaCO3,aragonite group,carbonate,"[['Ba', 1, 2], ['C', 1, 4], ['O', 3, -2]]","{'Ba': 69.59, 'C': 6.09, 'O': 24.32}","{'BaO':77.70, 'CO2': 22.30}"
cerussite,PbCO3,aragonite group,carbonate,"[['Pb', 1, 2], ['C', 1, 4], ['O', 3, -2]]","{'Pb': 77.54, 'C': 4.49, 'O': 17.96}","{'PbO':83.53, 'CO2': 16.47}"
siderite,Fe(CO3),calcite group,carbonate,"[['Fe', 1, 2], ['C', 1, 4], ['O', 3, -2]]","{'Fe': 48.2, 'C': 10.37, 'O': 41.43}","{'FeO':62.01, 'CO2': 37.99}"
magnesite,Mg(CO3),calcite group,carbonate,"[['Mg', 1, 2], ['C', 1, 4], ['O', 3, -2]]","{'Mg': 28.83, 'C': 14.25, 'O': 56.93}","{'MgO': 47.80, 'CO2': 52.20}"
rhodochrosite,MnCO3,calcite group,carbonate,"[['Mn', 1, 2], ['C', 1, 4], ['O', 3, -2]]","{'Mn': 47.79, 'C': 10.45, 'O': 41.76}","{'MgO': 61.71, 'CO2': 38.29}"
smithsonite,ZnCO3,calcite group,carbonate,"[['Zn', 1, 2], ['C', 1, 4], ['O', 3, -2]]","{'Zn': 52.14, 'C': 9.58, 'O': 38.28}","{'ZnO': 64.90, 'CO2': 35.10}"
gaspéite,NiCO3,calcite group,carbonate,"[['Ni', 1, 2], ['C', 1, 4], ['O', 3, -2]]","{'Ni': 49.44, 'C': 10.12, 'O': 40.44}","{'NiO': 62.79, 'CO2': 37.14}"
otavite,CdCO3,calcite group,carbonate,"[['Cd', 1, 2], ['C', 1, 4], ['O', 3, -2]]","{'Cd': 65.2, 'C': 6.97, 'O': 27.84}","{'CdO': 74.48, 'CO2': 25.52}"
dolomite,CaMg(CO3)2,dolomite group,carbonate,"[['Ca', 1, 2], ['Mg', 1, 2], ['C', 2, 4], ['O', 6, -2]]","{'Ca': 21.73, 'Mg': 13.18, 'C': 13.03, 'O': 52.06}","{'CaO': 30.39, 'MgO': 21.85, 'CO2':47.76}"
ankerite,"Ca(Fe2+,Mg)(CO3)2",dolomite group,carbonate,"[['Ca', 1, 2], ['Fe', 0.75, 2], ['Mg', 0.25, 2], ['C', 2, 4], ['O', 6, -2]]","{'Ca': 19.26, 'Fe': 20.13, 'Mg': 2.92, 'C': 11.55, 'O': 46.14}","{'CaO': 26.98, 'FeO': 25.94, 'MgO': 4.85, 'CO2':42.41}"
kutnohorite,CaMn2+(CO3)2,dolomite group,carbonate,"[['Ca', 1, 2], ['Mn', 1, 2], ['C', 2, 4], ['O', 6, -2]]","{'Ca': 18.64, 'Mn': 25.55, 'C': 11.17, 'O': 44.64}","{'CaO': 26.14, 'MnO': 33.47, 'CO2':40.99}"
minrecordite,CaZn(CO3)2,dolomite group,carbonate,"[['Ca', 1, 2], ['Zn', 1, 2], ['C', 2, 4], ['O', 6, -2]]","{'Ca': 17.77, 'Zn': 29.0, 'C': 10.65, 'O': 42.58}","{'CaO': 24.87, 'ZnO': 36.10, 'CO2':39.04}"
norsethite,BaMg(CO3)2,dolomite group,carbonate,"[['Ba', 1, 2], ['Mg', 1, 2], ['C', 2, 4], ['O', 6, -2]]","{'Ba': 48.76, 'Mg': 8.63, 'C': 8.53, 'O': 34.08}","{'BaO': 54.44, 'ZnO': 14.31, 'CO2':31.25}"
azurite,Cu3(CO3)2(OH)2,nan,carbonate,"[['Cu', 3, 2], ['C', 2, 4], ['O', 8, -2], ['H', 2, 1]]","{'Cu': 55.31, 'C': 6.97, 'O': 37.14, 'H': 0.58}","{'CuO': 69.24, 'H2O': 5.23, 'CO2':25.54}"
malachite,Cu2(CO3)(OH)2,rosasite group,carbonate,"[['Cu', 2, 2], ['C', 1, 4], ['O', 5, -2], ['H', 2, 1]]","{'Cu': 57.48, 'C': 5.43, 'O': 36.18, 'H': 0.91}","{'CuO': 71.95, 'H2O': 8.15, 'CO2':19.90}"
brucite,Mg(OH)2,brucite group,oxide,"[['Mg', 1, 2], ['O', 2, -2], ['H', 2, 1]]","{'Mg': 41.67, 'O': 54.87, 'H': 3.46}","{'MgO': 69.11, 'H2O': 30.89}"
diaspore,AlO(OH),diaspore group,oxide,"[['Al', 1, 3], ['O', 2, -2], ['H', 1, 1]]","{'Al': 44.98, 'O': 53.34, 'H': 1.68}","{'Al2O3':84.98, 'H2O': 15.02}"
goethite,FeO(OH),diaspore group,oxide,"[['Fe', 1, 3], ['O', 2, -2], ['H', 1, 1]]","{'Fe': 62.85, 'O': 36.01, 'H': 1.13}","{'Fe2O3':89.86, 'H2O': 10.14}"
katoite,Ca3Al2(OH)12,garnet group,oxide,"[['Ca', 3, 2], ['Al', 2, 3], ['O', 12, -2], ['H', 12, 1]]","{'Ca': 31.78, 'Al': 14.27, 'O': 50.75, 'H': 3.2}","{'CaO':28.54, 'Al2O3': 34.54, 'H2O': 36.77}"
priscillagrewite-(Y),YCa2Zr2Al3O12,garnet group,oxide,"[['Y', 1, 3], ['Ca', 2, 2], ['Zr', 2, 4], ['Al', 3, 3], ['O', 12, -2]]","{'Y': 14.24, 'Ca': 12.84, 'Zr': 29.22, 'Al': 12.96, 'O': 30.75}","{'Y2O3': 18.08, 'Al2O3': 24.47, 'CaO': 17.96 'ZrO2': 39.45}"
yafsoanite,Ca3Te6+2(ZnO4)3,garnet group,oxide,"[['Ca', 3, 2], ['Te', 2, 6], ['Zn', 3, 2], ['O', 12, -2]]","{'Ca': 15.75, 'Te': 33.42, 'Zn': 25.69, 'O': 25.14}","{'CaO': 22.04, 'ZnO': 31.97, 'TeO2':41.78}"
corundum,Al2O3,hematite group,oxide,"[['Al', 2, 3], ['O', 3, -2]]","{'Al': 52.92, 'O': 47.08}",{'Al2O3': 100.00}
hematite,Fe2O3,hematite group,oxide,"[['Fe', 2, 3], ['O', 3, -2]]","{'Fe': 69.94, 'O': 30.06}",{'Fe2O3': 100.00}
eskolaite,Cr2O3,hematite group,oxide,"[['Cr', 2, 3], ['O', 3, -2]]","{'Cr': 68.42, 'O': 31.58}",{'Cr2O3': 100.00}
ilmenite,Fe2+TiO3,ilmenite group,oxide,"[['Mg', 1, 2], ['Si', 1, 4], ['O', 3, -2]]","{'Mg': 24.21, 'Si': 27.98, 'O': 47.81}","{'TiO2': 52.65, 'FeO': 47.35}"
akimotoite,MgSiO3,ilmenite group,oxide,"[['Mg', 1, 2], ['Si', 1, 4], ['O', 3, -2]]","{'Mg': 24.21, 'Si': 27.98, 'O': 47.81}","{'SiO2': 59.85, 'MgO': 40.15}"
pyrophanite,Mn2+TiO3,ilmenite group,oxide,"[['Mn', 1, 2], ['Ti', 1, 4], ['O', 3, -2]]","{'Mn': 36.43, 'Ti': 31.74, 'O': 31.83}","{'TiO2': 52.96, 'MnO': 47.04}"
marokite,CaMn3+2O4,marokite group,oxide,"[['Ca', 1, 2], ['Mn', 2, 3], ['O', 4, -2]]","{'Ca': 18.73, 'Mn': 51.35, 'O': 29.91}","{'CaO': 26.21, 'Mn2O3':73.79}"
harmunite,CaFe2O4,marokite group,oxide,"[['Ca', 1, 2], ['Fe', 2, 3], ['O', 4, -2]]","{'Ca': 18.57, 'Fe': 51.76, 'O': 29.66}","{'CaO': 25.57, 'Fe2O3':73.43"
quartz,Sio2,nan,oxide,"[['Si', 1, 4], ['O', 1, -2]]","{'Si': 63.71, 'O': 36.29}",{'SiO2': 100.00}
cuprite,Cu2O,nan,oxide,"[['Cu', 2, 1], ['O', 1, -2]]","{'Cu': 88.82, 'O': 11.18}",{'Cu2O': 100.00}
maohokite,MgFe2O4,nan,oxide,"[['Mg', 1, 2], ['Fe', 2, 3], ['O', 4, -2]]","{'Mg': 12.15, 'Fe': 55.85, 'O': 32.0}","{'MgO': 20, 'Fe2O3':80}"
oboniobite*,Mg4Nb2O9,nan,oxide,"[['Mg', 4, 2], ['Nb', 2, 5], ['O', 9, -2]]","{'Mg': 22.77, 'Nb': 43.51, 'O': 33.72}","{'MgO': 37.76, 'Fe2O3':62.24}"
machiite,Al2Ti3O9,nan,oxide,"[['Al', 2, 3], ['Ti', 3, 4], ['O', 9, -2]]","{'Al': 15.8, 'Ti': 42.04, 'O': 42.16}","{'TiO2': 70.14, 'Al2O3':29.85}"
wüstite,FeO,periclase group,oxide,"[['Fe', 1, 2], ['O', 1, -2]]","{'Fe': 77.73, 'O': 22.27}",{'FeO': 100.00}
periclase,MgO,periclase group,oxide,"[['Mg', 1, 2], ['O', 1, -2]]","{'Mg': 60.3, 'O': 39.7}",{'MgO': 100.00}
manganosite,MnO,periclase group,oxide,"[['Mn', 1, 2], ['O', 1, -2]]","{'Mn': 77.45, 'O': 22.55}",{'MnO': 100.00}
perovskite,CaTiO3,perovskite group,oxide,"[['Ca', 1, 2], ['Ti', 1, 4], ['O', 3, -2]]","{'Ca': 29.48, 'Ti': 35.21, 'O': 35.31}","{'CaO': 41.25, 'TiO2':58.75}"
lueshite,NaNbO3,perovskite group,oxide,"[['Na', 1, 1], ['Nb', 1, 5], ['O', 3, -2]]","{'Na': 14.03, 'Nb': 56.69, 'O': 29.29}","{'Na2O': 18.91, 'Nb2O5':81.09}"
tausonite,SrTiO3,perovskite group,oxide,"[['Sr', 1, 2], ['Ti', 1, 4], ['O', 3, -2]]","{'Sr': 47.75, 'Ti': 26.09, 'O': 26.16}","{'SrO': 56.47, 'TiO2':43.53}"
macedonite,PbTiO3,perovskite group,oxide,"[['Pb', 1, 2], ['Ti', 1, 4], ['O', 3, -2]]","{'Pb': 68.37, 'Ti': 15.79, 'O': 15.84}","{'PbO': 73.64, 'TiO2':26.36}"
latrappite,Ca2NbFe3+O6,perovskite group,oxide,"[['Ca', 2, 2], ['Nb', 1, 5], ['Fe', 1, 3], ['O', 6, -2]]","{'Ca': 24.67, 'Nb': 28.59, 'Fe': 17.19, 'O': 29.55}","{'CaO': 34.52, 'Nb2O5': 40.90, 'Fe2O3':24.58}"
pseudobrookite,Fe2TiO5,pseudobrookite group,oxide,"[['Fe', 2, 3], ['Ti', 1, 4], ['O', 5, -2]]","{'Fe': 46.62, 'Ti': 19.98, 'O': 33.39}","{'Fe2O3': 66.5, 'TiO2': 33.3}"
rutile,TiO2,rutile group,oxide,"[['Ti', 1, 4], ['O', 2, -2]]","{'Ti': 59.93, 'O': 40.07}",{'TiO2': 100.00}
cassiterite,SnO2,rutile group,oxide,"[['Sn', 1, 4], ['O', 2, -2]]","{'Sn': 78.77, 'O': 21.23}",{'SnO2': 100.00}
pyrolusite,Mn4+O2,rutile group,oxide,"[['Mn', 1, 4], ['O', 2, -2]]","{'Mn': 63.19, 'O': 36.81}",{'MnO2': 100.00}
coulsonite,Fe2+V3+2O4,spinel group,oxide,"[['Fe', 1, 2], ['V', 2, 3], ['O', 4, -2]]","{'Fe': 25.19, 'V': 45.95, 'O': 28.86}","{'V2O3': 67.60, 'FeO':32.40}"
franklinite,Zn2+Fe3+2O4,spinel group,oxide,"[['Zn', 1, 2], ['Fe', 2, 3], ['O', 4, -2]]","{'Zn': 27.12, 'Fe': 46.33, 'O': 26.55}","{'Fe2O3': 66.24, 'ZnO':33.76}"
galaxite,Mn2+Al2O4,spinel group,oxide,"[['Mn', 1, 2], ['Al', 2, 3], ['O', 4, -2]]","{'Mn': 31.77, 'Al': 31.21, 'O': 37.02}","{'Al2O3': 58.97, 'MnO': 41.02 }"
hausmannite,Mn2+Mn3+2O4,spinel group,oxide,"[['Mn', 1, 2], ['Mn', 2, 3], ['O', 4, -2]]","{'Mn': 48.02, 'O': 27.97}",{'Mn2O3': 100.00}
magnesiochromite,MgCr2O4,spinel group,oxide,"[['Mg', 1, 2], ['Cr', 2, 3], ['O', 4, -2]]","{'Mg': 12.64, 'Cr': 54.08, 'O': 33.28}","{'MgO': 20.96, 'Cr2O3': 79.04}"
zincochromite,ZnCr2O4,spinel group,oxide,"[['Zn', 1, 2], ['Cr', 2, 3], ['O', 4, -2]]","{'Zn': 28.02, 'Cr': 44.56, 'O': 27.42}","{'ZnO': 34.87, 'Cr2O3': 65.13}"
hetaerolite,ZnMn2O4,spinel group,oxide,"[['Zn', 1, 2], ['Mn', 2, 3], ['O', 4, -2]]","{'Zn': 27.33, 'Mn': 45.92, 'O': 26.75}","{'ZnO': 34.02, 'Mn2O3': 65.98}"
spinel ,MgAl2O4,spinel group ,oxide,"[['Mg', 1, 2], ['Al', 2, 3], ['O', 4, -2]]","{'Mg': 17.08, 'Al': 37.93, 'O': 44.99}","{'MgO': 28.33, 'Al2O3': 71.67}"
chromite,Fe2+Cr2O4,spinel group ,oxide,"[['Fe', 1, 2], ['Cr', 2, 3], ['O', 4, -2]]","{'Fe': 24.95, 'Cr': 46.46, 'O': 28.59}","{'FeO': 32.10, 'Cr2O3': 67.90}"
magnetite,Fe2+Fe3+2O4,spinel group ,oxide,"[['Fe', 1, 2], ['Fe', 2, 3], ['O', 4, -2]]","{'Fe': 48.24, 'O': 27.64}","{'FeO': 31.03, 'Fe2O3': 68.97}"
hercynite,Fe2+Al2O4,spinel group ,oxide,"[['Fe', 1, 2], ['Al', 2, 3], ['O', 4, -2]]","{'Fe': 32.13, 'Al': 31.05, 'O': 36.82}","{'FeO': 41.34, 'Al2O3': 58.66}"
jacobsite,Mn2+Fe3+2O4,spinel group ,oxide,"[['Mn', 1, 2], ['Fe', 2, 3], ['O', 4, -2]]","{'Mn': 23.82, 'Fe': 48.43, 'O': 27.75}","{'MnO': 30.76, 'Fe2O3': 69.24}"
gahnite,ZnAl2O4,spinel group ,oxide,"[['Zn', 1, 2], ['Al', 2, 3], ['O', 4, -2]]","{'Zn': 35.66, 'Al': 29.43, 'O': 34.91}","{'ZnO': 44.39, 'Al2O3': 55.61}"
trevorite,Ni2+Fe3+2O4,spinel group ,oxide,"[['Ni', 1, 2], ['Fe', 2, 3], ['O', 4, -2]]","{'Ni': 25.04, 'Fe': 47.65, 'O': 27.31}","{'NiO': 31.87, 'Fe2O3': 68.13}"
ulvöspinel,TiFe2+2O4,ulvöspinel group ,oxide,"[['Ti', 1, 4], ['Fe', 2, 2], ['O', 4, -2]]","{'Ti': 21.41, 'Fe': 49.96, 'O': 28.63}","{'TiO2': 35.73, 'FeO': 64.27}"
uraninite,UO2,uraninite group,oxide,"[['U', 1, 4], ['O', 2, -2]]","{'U': 88.15, 'O': 11.85}",{'UO2': 100.00}
allanite-(Ce) ,(CaCe)(Al2Fe2+)(SiO4)3(OH),epidote group,sorosilicate,"[['Ca', 1, 2], ['Ce', 1, 3], ['Al', 2, 3], ['Fe', 1, 2], ['Si', 3, 4], ['O', 13, -2], ['H', 1, 1]]","{'Ca': 6.87, 'Ce': 24.02, 'Al': 9.25, 'Fe': 9.57, 'Si': 14.45, 'O': 35.66, 'H': 0.17}","{'CaO': 9.61, 'FeO': 12.31, 'Al2O3': 17.48, 'Ce2O3': 28.13, 'SiO2': 30.91, 'H2O': 1.52}"
allanite-(La),(CaLa)(Al2Fe2+)(SiO4)3(OH),epidote group,sorosilicate,"[['Ca', 1, 2], ['La', 1, 3], ['Al', 2, 3], ['Fe', 1, 2], ['Si', 3, 4], ['O', 13, -2], ['H', 1, 1]]","{'Ca': 6.89, 'La': 23.87, 'Al': 9.27, 'Fe': 9.59, 'Si': 14.48, 'O': 35.74, 'H': 0.17}","{'CaO': 9.64, 'FeO': 12.34, 'Al2O3': 17.52, 'La2O3': 27.99, 'SiO2': 30.98, 'H2O': 1.52}"
allanite-(Y),(CaY)(Al2Fe2+)(SiO4)3(OH),epidote group,sorosilicate,"[['Ca', 1, 2], ['Y', 1, 3], ['Al', 2, 3], ['Fe', 1, 2], ['Si', 3, 4], ['O', 13, -2], ['H', 1, 1]]","{'Ca': 7.53, 'Y': 16.71, 'Al': 10.14, 'Fe': 10.5, 'Si': 15.84, 'O': 39.09, 'H': 0.19}","{'CaO': 10.54, 'FeO': 13.51, 'Al2O3': 19.16, 'Y2O3': 21.22, 'SiO2': 33.88, 'H2O': 1.70}"
epidote,Ca2(Al2Fe3+)[Si2O7][SiO4]O(OH),epidote group,sorosilicate,"[['Ca', 2, 2], ['Al', 0.75, 3], ['Fe', 2.25, 3], ['Si', 3, 4], ['O', 13, -2], ['H', 1, 1]]","{'Ca': 15.44, 'Al': 3.9, 'Fe': 24.2, 'Si': 16.22, 'O': 40.5, 'H': 0.19}","{'CaO': 21.60, 'Al2O3': 7.36, 'Fe2O3': 34.60, 'SiO2': 34.71, 'H2O': 1.73}"
clinozoisite,Ca2Al3[Si2O7][SiO4]O(OH),epidote group,sorosilicate,"[['Ca', 2, 2], ['Al', 3, 3], ['Si', 3, 4], ['O', 13, -2], ['H', 1, 1]]","{'Ca': 17.64, 'Al': 17.82, 'Si': 18.54, 'O': 45.78, 'H': 0.22}","{'CaO': 24.68, 'Al2O3': 33.66, 'SiO2': 39.67, 'H2O': 1.98}"
lawsonite,CaAl2(Si2O7)(OH)2·H2O,lawsonite group,sorosilicate,"[['Ca', 1, 2], ['Al', 2, 3], ['Si', 2, 4], ['O', 10, -2], ['H', 4, 1]]","{'Ca': 12.75, 'Al': 17.17, 'Si': 17.87, 'O': 50.92, 'H': 1.28}","{'CaO': 17.85, 'Al2O3': 32.45, 'SiO2': 38.24, 'H2O': 11.47}"
ilvaite,CaFe3+Fe2+2O(Si2O7)(OH),lawsonite group,sorosilicate,"[['Ca', 1, 2], ['Fe', 1, 3], ['Fe', 2, 2], ['Si', 2, 4], ['O', 9, -2], ['H', 1, 1]]","{'Ca': 9.8, 'Fe': 40.98 'Si': 13.74, 'O': 35.23, 'H': 0.25}","{'CaO': 13.72, 'FeO': 35.15, 'Fe2O3': 19.53, 'SiO2': 29.30, 'H2O': 2.20}"
Åkermanite,Ca2Mg[Si2O7],melilite group,sorosilicate,"[['Ca', 2, 2], ['Mg', 1, 2], ['Si', 2, 4], ['O', 7, -2]]","{'Ca': 29.4, 'Mg': 8.91, 'Si': 20.6, 'O': 41.08}","{'CaO': 41.14, 'MgO': 14.78, 'SiO2': 44.08}"
gehlenite,Ca2Al(SiAl)O7,melilite group,sorosilicate,"[['Ca', 2, 2], ['Al', 2, 3], ['Si', 1, 4], ['O', 7, -2]]","{'Ca': 29.23, 'Al': 19.68, 'Si': 10.24, 'O': 40.85}","{'CaO': 40.90, 'Al2O3': 37.18, 'SiO2': 21.91}"
barylite,Be2Ba(Si2O7),nan,sorosilicate,"[['Be', 2, 2], ['Ba', 1, 2], ['Si', 1, 4], ['O', 7, -2]]","{'Be': 6.1, 'Ba': 46.48, 'Si': 9.51, 'O': 37.91}","{'BeO': 18.99, 'BaO': 58.20, 'SiO2': 22.81}"
benitoite,BaTiSi3O9,benitoite group,cyclosilicate,"[['Ba', 1, 2], ['Ti', 1, 4], ['Si', 3, 4], ['O', 9, -2]]","{'Ba': 33.22, 'Ti': 11.58, 'Si': 20.38, 'O': 34.83}","{'BaO': 37.08, 'SiO2': 43.60, 'TiO2': 19.32}"
pabstite,BaSnSi3O9,benitoite group,cyclosilicate,"[['Ba', 1, 2], ['Sn', 1, 4], ['Si', 3, 4], ['O', 9, -2]]","{'Ba': 28.36, 'Sn': 24.51, 'Si': 17.4, 'O': 29.73}","{'BaO': 31.66, 'SiO2': 37.22, 'SnO2': 31.12}"
wadeite,K2ZrSi3O9,benitoite group,cyclosilicate,"[['K', 2, 1], ['Zr', 1, 4], ['Si', 3, 4], ['O', 9, -2]]","{'K': 19.66, 'Zr': 22.94, 'Si': 21.19, 'O': 36.21}","{'K2O': 23.69, 'ZrO2': 30.99, 'SiO2': 45.33}"
bazirite,BaZrSi3O9,benitoite group,cyclosilicate,"[['Ba', 1, 2], ['Zr', 1, 4], ['Si', 3, 4], ['O', 9, -2]]","{'Ba': 30.06, 'Zr': 19.97, 'Si': 18.44, 'O': 31.52}","{'K2O': 23.69, 'ZrO2': 30.99, 'SiO2': 45.33}"
beryl,Be3Al2(Si6O18),beryl group,cyclosilicate,"[['Be', 3, 2], ['Al', 2, 3], ['Si', 6, 4], ['O', 18, -2]]","{'Be': 5.03, 'Al': 10.04, 'Si': 31.35, 'O': 53.58}","{'BeO': 13.96, 'Al2O3': 18.97, 'SiO2': 67.07}"
avdeevite,NaAl4(Be5Li)(Si6O18)2(H2O),beryl group,cyclosilicate,"[['Na', 1, 1], ['Al', 4, 3], ['Be', 5, 2], ['Li', 1, 1], ['Si', 12, 4], ['O', 37, -2], ['H', 2, 1]]","{'Na': 2.06, 'Al': 9.69, 'Be': 4.05, 'Li': 0.62, 'Si': 30.25, 'O': 53.14, 'H': 0.18}","{'NaO': 2.78, 'Al2O3': 18.31, 'BeO': 11.24, 'SiO2': 64.72, 'Li2O': 1.33, 'H2O': 1.61}"
bazzite,Be3Sc2(Si6O18),beryl group,cyclosilicate,"[['Be', 3, 2], ['Sc', 2, 3], ['Si', 6, 4], ['O', 18, -2]]","{'Be': 4.71, 'Sc': 15.68, 'Si': 29.38, 'O': 50.22}","{'BeO': 13.08, 'Sc2O3': 24.06, 'SiO2': 62.87}"
pezzottaite,CsLiBe2Al2Si6O18,beryl group,cyclosilicate,"[['Cs', 1, 1], ['Li', 1, 1], ['Be', 2, 2], ['Al', 2, 3], ['Si', 6, 4], ['O', 18, -2]]","{'Cs': 19.89, 'Li': 1.04, 'Be': 2.7, 'Al': 8.07, 'Si': 25.21, 'O': 43.09}","{'BeO': 7.49, 'Al2O3': 15.25, 'SiO2': 53.93, 'Cs2O': 21.09, 'Li2O': 2.24}"
stoppaniite,Be3Fe3+2(Si6O18)(H2O),beryl group,cyclosilicate,"[['Be', 3, 2], ['Fe', 2, 3], ['Si', 6, 4], ['O', 19, -2], ['H', 2, 1]]","{'Be': 4.41, 'Fe': 18.21, 'Si': 27.48, 'O': 49.57, 'H': 0.33}","{'BeO': 12.24, 'Fe2O3': 26.03, 'SiO2': 58.78, 'H2O': 2.95}"
cordierite,Mg2Al4Si5O18,nan,cyclosilicate,"[['Mg', 2, 2], ['Al', 4, 3], ['Si', 5, 4], ['O', 18, -2]]","{'Mg': 8.31, 'Al': 18.45, 'Si': 24.01, 'O': 49.23}","{'MgO': 13.78, 'Al2O3': 34.86, 'SiO2': 51.36}"
sekaninaite,Fe2+2Al4Si5O18,nan,cyclosilicate,"[['Fe', 2, 2], ['Al', 4, 3], ['Si', 5, 4], ['O', 18, -2]]","{'Fe': 17.23, 'Al': 16.65, 'Si': 21.67, 'O': 44.44}","{'FeO': 22.17, 'Al2O3': 31.47, 'SiO2': 46.36}"
schorl,NaFe2+3Al6(Si6O18)(BO3)3(OH)3(OH),tourmaline group,cyclosilicate,"[['Na', 1, 1], ['Fe', 3, 2], ['Al', 6, 3], ['Si', 6, 4], ['O', 31, -2], ['B', 3, 3], ['H', 4, 1]]","{'Na': 2.18, 'Fe': 15.9, 'Al': 15.37, 'Si': 16.0, 'O': 47.09, 'B': 3.08, 'H': 0.38}","{'NaO': 2.94, 'Al2O3': 29.04, 'FeO': 20.46, 'SiO2': 34.22, 'B2O3': 9.91, 'H2O': 3.42}"
dravite,NaMg3Al6(Si6O18)(BO3)3(OH)3(OH),tourmaline group,cyclosilicate,"[['Na', 1, 1], ['Mg', 3, 2], ['Al', 6, 3], ['Si', 6, 4], ['O', 31, -2], ['B', 3, 3], ['H', 4, 1]]","{'Na': 2.4, 'Mg': 7.61, 'Al': 16.89, 'Si': 17.58, 'O': 51.73, 'B': 3.38, 'H': 0.42}","{'NaO': 3.23, 'Al2O3': 31.90, 'MgO': 12.61, 'SiO2': 37.60, 'B2O3': 10.89, 'H2O': 3.76}"
elbaite,Na(Al1.5Li1.5)Al6(Si6O18)(BO3)3(OH)3(OH),tourmaline group,cyclosilicate,"[['Na', 1, 1], ['Li', 2.5, 1], ['Al', 6.5, 3], ['Si', 6, 4], ['O', 31, -2], ['B', 3, 3], ['H', 4, 1]]","{'Na': 2.45, 'Li': 1.89, 'Al': 19.13, 'Si': 18.38, 'O': 54.11, 'B': 3.54, 'H': 0.43}","{'NaO': 3.38, 'Al2O3': 36.83, 'Li2O': 4.15, 'SiO2': 40.08, 'B2O3': 11.63, 'H2O': 3.93}"
fluor-liddicoatite,Ca(Li2Al)Al6(Si6O18)(BO3)3(OH)3F,tourmaline group,cyclosilicate,"[['Ca', 1, 2], ['Li', 2, 1], ['Al', 7, 3], ['Si', 6, 4], ['O', 28, -2], ['B', 3, 3], ['H', 1, 1], ['F', 3, 1]]","{'Ca': 4.22, 'Li': 1.46, 'Al': 19.89, 'Si': 17.74, 'O': 47.17, 'B': 3.41, 'H': 0.11, 'F': 6.0}","{'CaO': 5.76, 'Al2O3': 36.65, 'Li2O': 3.07, 'SiO2': 37.01, 'B2O3': 10.71, 'H2O': 0.96, 'F': 5.85}"
fluor-buergerite,NaFe3+3Al6(Si6O18)(BO3)3O3F,tourmaline group,cyclosilicate,"[['Na', 1, 1], ['Fe', 3, 3], ['Al', 6, 3], ['Si', 6, 4], ['O', 30, -2], ['B', 3, 3], ['F', 1, 1]]","{'Na': 2.18, 'Fe': 15.92, 'Al': 15.38, 'Si': 16.01, 'O': 45.61, 'B': 3.08, 'F': 1.81}","{'Na2O': 2.92, 'Al2O3': 28.85, 'Fe2O3': 22.59, 'SiO2': 34.00, 'B2O3': 9.85, 'H2O': 1.80}"
foitite,(Fe2+2Al)Al6(Si6O18)(BO3)3(OH)3(OH),tourmaline group,cyclosilicate,"[['Fe', 2, 2], ['Al', 7, 3], ['Si', 6, 4], ['O', 31, -2], ['B', 3, 3], ['H', 4, 1]]","{'Fe': 11.15, 'Al': 18.86, 'Si': 16.83, 'O': 49.52, 'B': 3.24, 'H': 0.4}","{'FeO': 14.35, 'Al2O3': 35.64, 'SiO2': 36.01, 'B2O3': 10.43, 'H2O': 3.57}"
adachiite,CaFe3Al6(Si5AlO18)(BO3)3(OH)3(OH),tourmaline group,cyclosilicate,"[['Ca', 1, 2], ['Fe', 3, 2], ['Al', 7, 3], ['Si', 5, 4], ['O', 31, -2], ['B', 3, 3], ['H', 4, 1]]","{'Ca': 3.75, 'Fe': 15.67, 'Al': 17.66, 'Si': 13.13, 'O': 46.38, 'B': 3.03, 'H': 0.38}","{'CaO': 5.25, 'FeO': 20.16, 'Al2O3': 33.36, 'SiO2': 28.08, 'B2O3': 9.76, 'H2O': 3.40}"
rossmanite,(Al2Li)Al6(Si6O18)(BO3)3(OH)3(OH),tourmaline group,cyclosilicate,"[['Li', 1, 1], ['Al', 8, 3], ['Si', 6, 4], ['O', 31, -2], ['B', 3, 3], ['H', 4, 1]]","{'Li': 0.75, 'Al': 23.37, 'Si': 18.24, 'O': 53.69, 'B': 3.51, 'H': 0.44}","{'Al2O3': 44.15, 'Li2O': 1.62, 'SiO2': 39.03, 'B2O3': 11.30, 'H2O': 3.90}"
celleriite,(Mn2+2Al)Al6(Si6O18)(BO3)3(OH)3(OH),tourmaline group,cyclosilicate,"[['Mn', 2, 2], ['Al', 7, 3], ['Si', 6, 4], ['O', 31, -2], ['B', 3, 3], ['H', 4, 1]]","{'Mn': 10.99, 'Al': 18.89, 'Si': 16.86, 'O': 49.61, 'B': 3.24, 'H': 0.4}","{'Al2O3': 35.71, 'MnO': 14.20, 'SiO2': 36.08, 'B2O3': 10.44, 'H2O': 3.58}"
darrelhenryite,Na(Al2Li)Al6(Si6O18)(BO3)3(OH)3O,tourmaline group,cyclosilicate,"[['Na', 1, 1], ['Li', 1, 1], ['Al', 8, 3], ['Si', 6, 4], ['O', 31, -2], ['B', 3, 3], ['H', 3, 1]]","{'Na': 2.43, 'Li': 0.73, 'Al': 22.82, 'Si': 17.82, 'O': 52.45, 'B': 3.43, 'H': 0.32}","{'Al2O3': 43.12, 'Na2O': 3.28, 'Li2O': 1.57, 'SiO2': 38.12, 'B2O3': 11.05, 'H2O': 2.86}"
feruvite,CaFe2+3(Al5Mg)(Si6O18)(BO3)3(OH)3(OH),tourmaline group,cyclosilicate,"[['Ca', 1, 2], ['Fe', 3, 2], ['Al', 5, 3], ['Mg', 1, 2], ['Si', 6, 4], ['O', 31, -2], ['B', 3, 3], ['H', 4, 1]]","{'Ca': 3.75, 'Fe': 15.69, 'Al': 12.63, 'Mg': 2.28, 'Si': 15.78, 'O': 46.45, 'B': 3.04, 'H': 0.38}","{'Al2O3': 23.86, 'CaO': 5.25 , 'MgO': 3.78, 'FeO': 20.18, 'SiO2': 33.75, 'B2O3': 9.79, 'H2O': 3.40}"
olenite,NaAl3Al6(Si6O18)(BO3)3O3(OH),tourmaline group,cyclosilicate,"[['Na', 1, 1], ['Al', 9, 3], ['Si', 6, 4], ['O', 31, -2], ['B', 3, 3], ['H', 1, 1]]","{'Na': 2.39, 'Al': 25.2, 'Si': 17.48, 'O': 51.46, 'B': 3.36, 'H': 0.1}","{'Al2O3': 47.64, 'Na2O': 3.22, 'SiO2': 37.42, 'B2O3': 10.83, 'H2O': 0.89}"
chamosite,Fe2+5Al(AlSi3)O10(OH)8,chlorite group,phyllosilicate,"[['Fe', 5, 2], ['Al', 2, 3], ['Si', 3, 4], ['O', 18, -2], ['H', 8, 1]]","{'Fe': 39.13, 'Al': 7.56, 'Si': 11.81, 'O': 40.36, 'H': 1.13}","{'Al2O3': 14.28, 'FeO': 50.37, 'SiO2': 25.26, 'H2O': 10.10}"
clinochlore,Mg5Al(AlSi3O10)(OH)8,chlorite group,phyllosilicate,"[['Mg', 5, 2], ['Al', 2, 3], ['Si', 3, 4], ['O', 18, -2], ['H', 8, 1]]","{'Mg': 21.86, 'Al': 9.71, 'Si': 15.16, 'O': 51.82, 'H': 1.45}","{'Al2O3': 18.34, 'MgO': 36.27, 'SiO2': 32.42, 'H2O': 12.96}"
kaolinite,Al2Si2O5(OH)4,kaolinite group,phyllosilicate,"[['Al', 2, 3], ['Si', 2, 4], ['O', 9, -2], ['H', 4, 1]]","{'Al': 20.9, 'Si': 21.76, 'O': 55.78, 'H': 1.56}","{'Al2O3': 39.50, 'SiO2': 46.55, 'H2O': 13.96}"
muscovite,KAl2(AlSi3O10)(OH)2,mica group,phyllosilicate,"[['K', 1, 1], ['Al', 3, 3], ['Si', 3, 4], ['O', 12, -2], ['H', 2, 1]]","{'K': 9.82, 'Al': 20.32, 'Si': 21.15, 'O': 48.2, 'H': 0.51}","{'Al2O3': 38.36, 'K2O': 11.81, 'SiO2': 45.21, 'H2O': 4.07}"
paragonite,NaAl2(AlSi3O10)(OH)2,mica group,phyllosilicate,"[['Na', 1, 1], ['Al', 3, 3], ['Si', 3, 4], ['O', 12, -2], ['H', 2, 1]]","{'Na': 6.02, 'Al': 21.18, 'Si': 22.04, 'O': 50.23, 'H': 0.53}","{'Al2O3': 40.02, 'Na2O': 8.11, 'SiO2': 47.16, 'H2O': 4.71}"
phlogopite,KMg3(AlSi3O10)(OH)2,mica group,phyllosilicate,"[['K', 1, 1], ['Mg', 3, 2], ['Al', 1, 3], ['Si', 3, 4], ['O', 12, -2], ['H', 2, 1]]","{'K': 9.37, 'Mg': 17.47, 'Al': 6.47, 'Si': 20.19, 'O': 46.01, 'H': 0.48}","{'Al2O3': 12.16, 'K2O': 11.23, 'MgO': 28.84, 'SiO2': 42.99, 'H2O': 4.77}"
celadonite,KMgFe3+Si4O10(OH)2,mica group,phyllosilicate,"[['K', 1, 1], ['Mg', 1, 2], ['Fe', 1, 3], ['Si', 4, 4], ['O', 12, -2], ['H', 2, 1]]","{'K': 9.19, 'Mg': 5.71, 'Fe': 13.12, 'Si': 26.4, 'O': 45.11, 'H': 0.47}","{'Fe2O3': 20.1, 'K2O': 10.98, 'MgO': 7.52, 'SiO2': 56.02, 'H2O': 4.20}"
ferroglauconite,KFe2Al(Si3O10)(OH)2,mica group,phyllosilicate,"[['K', 1, 1], ['Fe', 2, 3], ['Al', 1, 3], ['Si', 3, 4], ['O', 12, -2], ['H', 2, 1]]","{'K': 8.57, 'Fe': 24.49, 'Al': 5.92, 'Si': 18.48, 'O': 42.1, 'H': 0.44}","{'Fe2O3': 34.99, 'K2O': 10.33, 'Al2O3': 11.18, 'SiO2': 39.53, 'H2O': 3.93}"
lepidolite,"K(Li,Al)3(Si,Al)4O10(OH)2",mica group,phyllosilicate,"[['K', 1, 1], ['Li', 1.5, 1], ['Al', 2.5, 3], ['Si', 3, 4], ['O', 12, -2], ['H', 2, 1]]","{'K': 9.89, 'Li': 2.63, 'Al': 17.07, 'Si': 21.32, 'O': 48.58, 'H': 0.51}","{'Li2O': 5.66, 'K2O': 11.91, 'Al2O3':  32.25, 'SiO2': 45.58, 'H2O': 4.56}"
garmite,CsLiMg2(Si4O10)F2,mica group,phyllosilicate,"[['Cs', 1, 1], ['Li', 1, 1], ['Mg', 2, 2], ['Si', 4, 4], ['O', 10, -2], ['F', 2, 1]]","{'Cs': 26.65, 'Li': 1.39, 'Mg': 9.75, 'Si': 22.52, 'O': 32.08, 'F': 7.62}","{'Cs2O': 28.25, 'Li2O': 2.99, 'MgO': 16.17, 'SiO2': 48.18, 'F': 4.41}"
tainiolite,KLiMg2(Si4O10)F2,mica group,phyllosilicate,"[['K', 1, 1], ['Li', 1, 1], ['Mg', 2, 2], ['Si', 4, 4], ['O', 10, -2], ['F', 2, 1]]","{'K': 9.65, 'Li': 1.71, 'Mg': 12.0, 'Si': 27.74, 'O': 39.51, 'F': 9.38}","{'K2O': 11.62, 'Li2O': 3.68, 'MgO': 19.90, 'SiO2': 59.33, 'F': 5.47}"
annite,KFe2+3(AlSi3O10)(OH)2,mica group,phyllosilicate,"[['K', 1, 1], ['Fe', 3, 2], ['Al', 1, 3], ['Si', 3, 4], ['O', 12, -2], ['H', 2, 1]]","{'K': 7.64, 'Fe': 32.73, 'Al': 5.27, 'Si': 16.46, 'O': 37.51, 'H': 0.39}","{'FeO': 42.03, 'K2O': 9.18, 'Al2O3': 9.94, 'SiO2': 35.15, 'H2O': 2.63}"
aspidolite,NaMg3(AlSi3O10)(OH)2,mica group,phyllosilicate,"[['Na', 1, 1], ['Mg', 3, 2], ['Al', 1, 3], ['Si', 3, 4], ['O', 12, -2], ['H', 2, 1]]","{'Na': 5.73, 'Mg': 18.18, 'Al': 6.73, 'Si': 21.0, 'O': 47.86, 'H': 0.5}","{'Na2O': 7.72, 'MgO': 30.15, 'Al2O3': 12.71, 'SiO2': 44.92, 'H2O': 4.47}"
shirokshinite,K(NaMg2)(Si4O10)F2,mica group,phyllosilicate,"[['K', 1, 1], ['Na', 1, 1], ['Mg', 2, 2], ['Si', 4, 4], ['O', 10, -2], ['F', 2, 1]]","{'K': 9.29, 'Na': 5.46, 'Mg': 11.55, 'Si': 26.68, 'O': 38.0, 'F': 9.02}","{'Na2O': 7.36, 'K2O': 11.19, 'MgO': 19.15, 'SiO2': 57.08, 'F': 5.22}"
eastonite,KMg2Al(Al2Si2O10)(OH)2,mica group,phyllosilicate,"[['K', 1, 1], ['Mg', 2, 2], ['Al', 3, 3], ['Si', 2, 4], ['O', 12, -2], ['H', 2, 1]]","{'K': 9.33, 'Mg': 11.61, 'Al': 19.33, 'Si': 13.41, 'O': 45.84, 'H': 0.48}","{'MgO': 19.25, 'K2O': 11.25, 'Al2O3': 36.52, 'SiO2': 28.69, 'H2O': 4.30}"
margarite,CaAl2(Al2Si2O10)(OH)2,mica group,phyllosilicate,"[['Ca', 1, 2], ['Al', 4, 3], ['Si', 2, 4], ['O', 12, -2], ['H', 2, 1]]","{'Ca': 10.06, 'Al': 27.1, 'Si': 14.11, 'O': 48.22, 'H': 0.51}","{'CaO': 14.08, 'Al2O3': 51.21, 'SiO2': 30.18, 'H2O': 4.52}"
clintonite,CaAlMg2(SiAl3O10)(OH)2,mica group,phyllosilicate,"[['Ca', 1, 2], ['Al', 3.7, 3], ['Mg', 2.2, 2], ['Si', 1.3, 4], ['O', 12, -2], ['H', 2, 1]]","{'Ca': 9.64, 'Al': 22.06, 'Mg': 12.86, 'Si': 8.78, 'O': 46.17, 'H': 0.48}","{'CaO': 13.49, 'MgO': 21.32, 'Al2O3': 41.69, 'SiO2': 18.79, 'H2O': 4.33}"
talc,Mg3Si4O10(OH)2,nan,phyllosilicate,"[['Mg', 3, 2], ['Si', 4, 4], ['O', 12, -2], ['H', 2, 1]]","{'Mg': 19.23, 'Si': 29.62, 'O': 50.62, 'H': 0.53}","{'MgO': 31.88, 'SiO2': 63.37, 'H2O': 4.75}"
illite,K0.65Al2.0[Al0.65Si3.35O10](OH)2,nan,phyllosilicate,"[['K', 0.65, 1], ['Al', 2.65, 3], ['Si', 3.35, 2], ['O', 12, 4], ['H', 2, -2]]","{'K': 4.64, 'Al': 13.06, 'Mg': 14.88, 'Si': 61.57, 'O': 5.85}","{'K2O': 7.95, 'Al2O3': 35.08, 'SiO2': 52.30, 'H2O': 4.64}"
pyrophyllite,Al2Si4O10(OH)2,nan,phyllosilicate,"[['Al', 2, 3], ['Si', 4, 4], ['O', 12, -2], ['H', 2, 1]]","{'Al': 14.98, 'Si': 31.18, 'O': 53.29, 'H': 0.56}","{'Al2O3': 28.30, 'SiO2': 66.70, 'H2O': 5.00}"
spadaite,MgSiO2(OH)2H2O,nan,phyllosilicate,"[['Mg', 1, 2], ['Si', 1, 4], ['O', 5, -2], ['H', 4, 1]]","{'Mg': 17.82, 'Si': 20.59, 'O': 58.64, 'H': 2.96}","{'MgO': 29.55, 'SiO2': 44.04, 'H2O': 26.45}"
willemseite,Ni3Si4O10(OH)2,pyrophyllite-talc group,phyllosilicate,"[['Ni', 3, 2], ['Si', 4, 4], ['O', 12, -2], ['H', 2, 1]]","{'Ni': 36.5, 'Si': 23.29, 'O': 39.8, 'H': 0.42}","{'NiO': 46.40, 'SiO2': 49.79, 'H2O': 3.75"
amesite,Mg2Al(AlSiO5)(OH)4,serpentine group,phyllosilicate,"[['Mg', 2, 2], ['Al', 2, 3], ['Si', 1, 4], ['O', 9, -2], ['H', 4, 1]]","{'Mg': 17.44, 'Al': 19.36, 'Si': 10.08, 'O': 51.67, 'H': 1.45}","{'Al2O3': 36.59, 'MgO': 28.92, 'SiO2': 21.56, 'H2O': 12.93}"
antigorite,Mg3(Si2O5)(OH)4,serpentine group,phyllosilicate,"[['Mg', 3, 2], ['Si', 2, 4], ['O', 9, -2], ['H', 4, 1]]","{'Mg': 26.31, 'Si': 20.27, 'O': 51.96, 'H': 1.45}","{'MgO': 43.63, 'SiO2': 43.33, 'H2O': 12.96}"
meifuite,KFe6(Si7Al)O19(OH)4Cl2,serpentine group,phyllosilicate,"[['K', 1, 1], ['Fe', 6, 2], ['Si', 7, 4], ['Al', 1, 3], ['O', 23, -2], ['H', 4, 1] ['Cl', 2, -1]]","{'K': 3.76, 'Fe': 32.2, 'Si': 18.9, 'Al': 2.59, 'O': 35.36, 'H': 0.39, 'Cl': 6.81}","{'Al2O3': 4.89, 'K2O': 4.53, 'FeO': 41.41, 'SiO2': 40.41, 'H2O': 3.49, 'Cl': 5.27}"
nontronite,"Na0.3Fe3+2(Si,Al)4O10(OH)2H2O",smectite group,phyllosilicate,"[['Na', 0.3, 1], ['Fe', 2, 3], ['Si', 3, 4], ['Al', 1, 3], ['O', 13, 1], ['H', 4, 1]]","{'Na': 1.39, 'Fe': 22.52, 'Si': 16.99, 'Al': 5.44, 'O': 51.62, 'H': 2.03}","{'Al2O3': 10.28, 'Na2O': 1.87, 'Fe2O3': 32.20, 'SiO2': 36.35, 'H2O': 18.16}"
montmorillonite,"(Na,Ca)0.33(Al,Mg)2(Si4O10)(OH)2 6H2O",smectite group,phyllosilicate,"[['Na', 0.2, 1], ['Ca', 0.1, 2], ['Al', 2, 3], ['Si', 4, 4], ['O', 22, -2], ['H', 22, 1]]","{'Na': 0.84, 'Ca': 0.73, 'Al': 9.83,'Si': 20.46, 'O': 64.11, 'H': 4.04}","{'Al2O3': 18.57, 'Na2O': 1.13, 'CaO': 1.02, 'SiO2': 43.77, 'H2O': 36.09}"
nabesite,Na2BeSi4O10 · 4H2O,zeolite group,phyllosilicate,"[['Na', 2, 1], ['Be', 1, 2], ['Si', 4, 4], ['O', 14, -2], ['H', 8, 1]]","{'Na': 11.51, 'Be': 2.26, 'Si': 28.13, 'O': 56.08, 'H': 2.02}","{ 'Na2O': 15.53, 'BeO': 6.27, 'SiO2': 60.14, 'H2O': 18.06}"
almandine,Fe2+3Al2(SiO4)3,garnet group,nesosilicate,"[['Fe', 3, 2], ['Al', 2, 3], ['Si', 3, 4], ['O', 12, -2]]","{'Fe': 33.66, 'Al': 10.84, 'Si': 16.93, 'O': 38.57}","{ 'Al2O3': 20.48, 'FeO': 43.30, 'SiO2': 36.21}"
pyrope,Mg3Al2(SiO4)3,garnet group,nesosilicate,"[['Mg', 3, 2], ['Al', 2, 3], ['Si', 3, 4], ['O', 12, -2]]","{'Mg': 18.09, 'Al': 13.39, 'Si': 20.9, 'O': 47.63}","{ 'Al2O3': 25.29, 'MgO': 29.99, 'SiO2': 44.71}"
spessartine,Mn2+3Al2(SiO4)3,garnet group,nesosilicate,"[['Mn', 3, 2], ['Al', 2, 3], ['Si', 3, 4], ['O', 12, -2]]","{'Mn': 33.29, 'Al': 10.9, 'Si': 17.02, 'O': 38.79}","{ 'Al2O3': 20.60, 'MnO': 42.99, 'SiO2': 36.41}"
andradite,Ca3Fe3+2(SiO4)3,garnet group,nesosilicate,"[['Ca', 3, 2], ['Fe', 2, 3], ['Si', 3, 4], ['O', 12, -2]]","{'Ca': 23.66, 'Fe': 21.98, 'Si': 16.58, 'O': 37.78}","{ 'Fe2O3': 31.42, 'CaO': 33.11, 'SiO2': 35.47}"
grossular,Ca3Al2(SiO4)3,garnet group,nesosilicate,"[['Ca', 3, 2], ['Al', 2, 3], ['Si', 3, 4], ['O', 12, -2]]","{'Ca': 26.69, 'Al': 11.98, 'Si': 18.7, 'O': 42.62}","{ 'Al2O3': 22.64, 'CaO': 37.35, 'SiO2': 40.02}"
uvarovite,Ca3Cr2(SiO4)3,garnet group,nesosilicate,"[['Ca', 3, 2], ['Cr', 2, 3], ['Si', 3, 4], ['O', 12, -2]]","{'Ca': 24.02, 'Cr': 20.78, 'Si': 16.83, 'O': 38.36}","{ 'Cr2O3': 30.39,, 'CaO': 33.61, 'SiO2': 35.99}"
knorringite,Mg3Cr2(SiO4)3,garnet group,nesosilicate,"[['Mg', 3, 2], ['Cr', 2, 3], ['Si', 3, 4], ['O', 12, -2]]","{'Mg': 16.09, 'Cr': 22.95, 'Si': 18.59, 'O': 42.37}","{ 'Cr2O3': 33.54, 'MgO': 26.68, 'SiO2': 39.78}"
calderite,Mn2+3Fe3+2(SiO4)3,garnet group,nesosilicate,"[['Mn', 3, 2], ['Fe', 2, 3], ['Si', 3, 4], ['O', 12, -2]]","{'Mn': 29.82, 'Fe': 20.21, 'Si': 15.24, 'O': 34.73}","{ 'Fe2O3': 28.87, 'MnO': 38.52, 'SiO2': 32.61}"
eringaite,Ca3Sc2(SiO4)3,garnet group,nesosilicate,"[['Ca', 3, 2], ['Sc', 2, 3], ['Si', 3, 4], ['O', 12, -2]]","{'Ca': 24.72, 'Sc': 18.49, 'Si': 17.32, 'O': 39.47}","{ 'Sc2O3': 28.35, 'CaO': 34.60, 'SiO2': 37.05}"
goldmanite,Ca3V3+2(SiO4)3,garnet group,nesosilicate,"[['Ca', 3, 2], ['V', 2, 3], ['Si', 3, 4], ['O', 12, -2]]","{'Ca': 24.13, 'V': 20.44, 'Si': 16.91, 'O': 38.53}","{ 'V2O3': 30.10, 'CaO': 33.77, 'SiO2': 36.13}"
majorite,Mg3(MgSi)(SiO4)3,garnet group,nesosilicate,"[['Mg', 4, 2], ['Si', 4, 4], ['O', 12, -2]]","{'Mg': 24.21, 'Si': 27.98, 'O': 47.81}","{'MgO': 40.17, 'SiO2': 59.83}"
momoiite,Mn2+3V3+2(SiO4)3,garnet group,nesosilicate,"[['Mn', 3, 2], ['V', 2, 3], ['Si', 3, 4], ['O', 12, -2]]","{'Mn': 30.36, 'V': 18.76, 'Si': 15.52, 'O': 35.36}","{ 'V2O3': 27.62, 'MnO': 39.18, 'SiO2': 33.18}"
morimotoite,Ca3(TiFe2+)(SiO4)3,garnet group,nesosilicate,"[['Ca', 3, 2], ['Ti', 1, 4], ['Fe', 1, 2], ['Si', 3, 4], ['O', 12, -2]]","{'Ca': 24.04, 'Ti': 9.57, 'Fe': 11.16, 'Si': 16.84, 'O': 38.38}","{ 'TiO2': 15.97, 'CaO': 33.63, 'FeO': 14.36, 'SiO2': 36.04}"
henritermierite,Ca3Mn3+2(SiO4)2(OH)4,garnet group,nesosilicate,"[['Ca', 3, 2], ['Mn', 2, 3], ['Si', 2, 4], ['O', 12, -2], ['H', 4, 1]]","{'Ca': 24.93, 'Mn': 22.78, 'Si': 11.65, 'O': 39.81, 'H': 0.84}","{ 'Mn2O3': 30.45, 'CaO': 32.45, 'H2O': 13.96, 'SiO2': 23.18}"
nikmelnikovite,Ca12Fe2+Fe3+3Al3(SiO4)6(OH)20,garnet group,nesosilicate,"[['Ca', 12, 2], ['Fe', 1, 2], ['Fe', 3, 3], ['Al', 3, 3], ['Si', 6, 4], ['O', 27, -2], ['H', 2, 1]]","{'Ca': 34.65, 'Fe': 12.07, 'Al': 5.83, 'Si': 12.14, 'O': 31.13, 'H': 0.15}","{ 'Fe2O3': 12.31, 'CaO': 46.18, 'FeO': 3.70, 'Al2O3': 10.51, 'SiO2': 24.76, 'H2O': 2.56}"
hutcheonite,Ca3Ti2(SiO4)(AlO4)2,garnet group,nesosilicate,"[['Ca', 3, 2], ['Ti', 2, 4], ['Si', 1, 4], ['O', 12, -2], ['Al', 2, 3]]","{'Ca': 24.54, 'Ti': 19.54, 'Si': 5.73, 'O': 39.18, 'Al': 11.01}","{ 'TiO2': 32.59, 'CaO': 34.33, 'Al2O3': 20.81, 'SiO2': 12.25}"
irinarassite,Ca3Sn2(SiO4)(AlO4)2,garnet group,nesosilicate,"[['Ca', 3, 2], ['Sn', 2, 4], ['Si', 1, 4], ['O', 12, -2], ['Al', 2, 3]]","{'Ca': 19.03, 'Sn': 37.58, 'Si': 4.45, 'O': 30.39, 'Al': 8.54}","{ 'SnO2': 47.70, 'CaO': 26.63, 'Al2O3': 16.15, 'SiO2': 9.52}"
kerimasite,Ca3Zr2(SiO4)(Fe3+O4)2,garnet group,nesosilicate,"[['Ca', 3, 2], ['Zr', 2, 4], ['Si', 1, 4], ['O', 12, -2], ['Fe', 2, 3]]","{'Ca': 18.95, 'Zr': 28.76, 'Si': 4.43, 'O': 30.26, 'Fe': 17.6}","{ 'ZrO2': 38.83, 'CaO': 26.51, 'Fe2O3': 25.16, 'SiO2': 9.47}"
kimzeyite,Ca3Zr2(SiO4)(AlO4)2,garnet group,nesosilicate,"[['Ca', 3, 2], ['Zr', 2, 4], ['Si', 1, 4], ['O', 12, -2], ['Al', 2, 3]]","{'Ca': 20.85, 'Zr': 31.63, 'Si': 4.87, 'O': 33.29, 'Al': 9.36}","{ 'ZrO2': 42.72, 'CaO': 29.15, 'Al2O3': 17.70, 'SiO2': 10.42}"
schorlomite,Ca3Ti2(SiFe3+2)O12,garnet group,nesosilicate,"[['Ca', 3, 2], ['Ti', 2, 4], ['Si', 1, 4], ['Fe', 2, 3], ['O', 12, -2]]","{'Ca': 21.95, 'Ti': 17.48, 'Si': 5.13, 'Fe': 20.39, 'O': 35.05}","{ 'TiO2': 29.18, 'CaO': 30.73, 'Fe2O3': 29.20, 'SiO2': 10.97}"
toturite,Ca3Sn2(SiO4)(Fe3+O4)2,garnet group,nesosilicate,"[['Ca', 3, 2], ['Sn', 2, 4], ['Si', 1, 4], ['Fe', 2, 3], ['O', 12, -2]]","{'Ca': 17.44, 'Sn': 34.44, 'Si': 4.07, 'Fe': 16.2, 'O': 27.85}","{ 'SnO2': 43.74, 'CaO': 24.40, 'Fe2O3': 23.17, 'SiO2': 8.71}"
zircon,Zr(SiO4),nan,nesosilicate,"[['Zr', 1, 4], ['Si', 1, 4], ['O', 4, -2]]","{'Zr': 49.77, 'Si': 15.32, 'O': 34.91}","{'ZrO2': 67.20, 'SiO2': 32.77}"
andalusite,Al2SiO5,nan,nesosilicate,"[['Al', 2, 3], ['Si', 1, 4], ['O', 5, -2]]","{'Al': 33.3, 'Si': 17.33, 'O': 49.37}","{'Al2O3': 62.92, 'SiO2': 37.08}"
staurolite,Fe2+2Al9Si4O23(OH),nan,nesosilicate,"[['Fe', 2, 2], ['Al', 9, 3], ['Si', 4, 4], ['O', 24, -2], ['H', 1, 1]]","{'Fe': 13.11, 'Al': 28.51, 'Si': 13.19, 'O': 45.08, 'H': 0.12}","{'H2O': 1.07, 'FeO': 16.88, 'SiO2': 28.18, 'Al2O3': 53.89}"
liberite,Li2BeSiO4,nan,nesosilicate,"[['Li', 2, 1], ['Be', 1, 2], ['Si', 1, 4], ['O', 4, -2]]","{'Li': 12.07, 'Be': 7.84, 'Si': 24.43, 'O': 55.66}","{'Li2O': 25.99, 'BeO': 21.75, 'SiO2': 52.26}"
esperite,PbCa2Zn3(SiO4)3,nan,nesosilicate,"[['Pb', 1, 2], ['Ca', 2, 2], ['Zn', 3, 2], ['Si', 3, 4], ['O', 12, -2]]","{'Pb': 27.27, 'Ca': 10.55, 'Zn': 25.82, 'Si': 11.09, 'O': 25.27}","{'CaO': 17.57, 'ZnO': 34.01, 'SiO2': 25.11, 'PbO': 23.31}"
chloritoid,Fe2+Al2O(SiO4)(OH)2,nan,nesosilicate,"[['Fe', 1, 2], ['Al', 1, 3], ['Si', 1, 4], ['O', 7, -2], ['H', 2, 1]]","{'Fe': 24.83, 'Al': 12.0, 'Si': 12.49, 'O': 49.79, 'H': 0.9}","{'FeO': 35.75, 'Al2O3': 25.37, 'SiO2': 29.85, 'H2O': 9.01}"
topaz,Al2SiO4F2,nan,nesosilicate,"[['Al', 2, 3], ['Si', 1, 4], ['O', 4, -2], ['F', 2, 1]]","{'Al': 29.32, 'Si': 15.26, 'O': 34.77, 'F': 20.64}","{'Al2O3': 55.39, 'F': 11.75, 'SiO2': 32.65}"
phenakite,Be2SiO4,nan,nesosilicate,"[['Be', 2, 2], ['Si', 1, 4], ['O', 4, -2]]","{'Be': 16.37, 'Si': 25.51, 'O': 58.12}","{'BeO': 45.43, 'SiO2': 54.57}"
forsterite,Mg2(SiO4),olivine group,nesosilicate,"[['Mg', 2, 2], ['Si', 1, 4], ['O', 4, -2]]","{'Mg': 34.55, 'Si': 19.96, 'O': 45.49}","{'MgO': 57.29, 'SiO2': 42.71}"
fayalite,Fe2+2(SiO4),olivine group,nesosilicate,"[['Fe', 2, 2], ['Si', 1, 4], ['O', 4, -2]]","{'Fe': 54.81, 'Si': 13.78, 'O': 31.41}","{'FeO': 70.51, 'SiO2': 29.49}"
calcio-olivine,Ca2SiO4,olivine group,nesosilicate,"[['Ca', 2, 2], ['Si', 1, 4], ['O', 4, -2]]","{'Ca': 46.54, 'Si': 16.31, 'O': 37.16}","{'CaO': 65.15, 'SiO2': 34.91}"
glaucochroite,CaMn2+SiO4,olivine group,nesosilicate,"[['Ca', 1, 2], ['Mn', 1, 2], ['Si', 1, 4], ['O', 4, -2]]","{'Ca': 21.42, 'Mn': 29.36, 'Si': 15.01, 'O': 34.21}","{'CaO': 29.98, 'MnO': 37.91, 'SiO2': 32.09}"
kirschsteinite,CaFe2+SiO4,olivine group,nesosilicate,"[['Ca', 1, 2], ['Fe', 1, 2], ['Si', 1, 4], ['O', 4, -2]]","{'Ca': 21.32, 'Fe': 29.7, 'Si': 14.94, 'O': 34.04}","{'CaO': 29.82, 'FeO': 38.22, 'SiO2': 31.94}"
liebenbergite,Ni2SiO4,olivine group,nesosilicate,"[['Ni', 2, 2], ['Si', 1, 4], ['O', 4, -2]]","{'Ni': 56.04, 'Si': 13.41, 'O': 30.55}","{'NiO': 71.33, 'SiO2': 28.67}"
monticellite,CaMgSiO4,olivine group,nesosilicate,"[['Ca', 1, 2], ['Mg', 1, 2], ['Si', 1, 4], ['O', 4, -2]]","{'Ca': 25.61, 'Mg': 15.53, 'Si': 17.95, 'O': 40.9}","{'CaO': 35.86, 'MgO': 25.76, 'SiO2': 38.38}"
tephroite,Mn2+2SiO4,olivine group,nesosilicate,"[['Mn', 2, 2], ['Si', 1, 4], ['O', 4, -2]]","{'Mn': 54.4, 'Si': 13.91, 'O': 31.69}","{'MnO': 70.23, 'SiO2': 29.77}"
brunogeierite,Ge4+Fe2+2O4,spinel group,nesosilicate,"[['Ge', 1, 4], ['Fe', 2, 2], ['O', 4, -2]]","{'Ge': 29.25, 'Fe': 44.98, 'O': 25.77}","{'GeO2': 42.13, 'FeO': 57.87}"
titanite,CaTi(SiO4)O,titanite group,nesosilicate,"[['Ca', 1, 2], ['Ti', 1, 4], ['Si', 1, 4], ['O', 5, -2]]","{'Ca': 20.44, 'Ti': 24.42, 'Si': 14.33, 'O': 40.81}","{'CaO': 28.59, 'TiO2': 40.75, 'SiO2': 30.65}"
malayaite,CaSnO(SiO4),titanite group,nesosilicate,"[['Ca', 1, 2], ['Sn', 1, 4], ['Si', 1, 4], ['O', 5, -2]]","{'Ca': 15.02, 'Sn': 44.48, 'Si': 10.52, 'O': 29.98}","{'CaO': 20.3, 'SnO': 57.94, 'SiO2': 21.76}"
albite,Na(AlSi3O8),feldspar group,tectosilicate,"[['Na', 1, 1], ['Al', 1, 3], ['Si', 3, 4], ['O', 8, -2]]","{'Na': 8.77, 'Al': 10.29, 'Si': 32.13, 'O': 48.81}","{'Na2O': 11.82, 'Al2O3': 19.44, 'SiO2': 68.72}"
anorthite,Ca(Al2Si2O8),feldspar group,tectosilicate,"[['Ca', 1, 2], ['Al', 2, 3], ['Si', 2, 4], ['O', 8, -2]]","{'Ca': 14.41, 'Al': 19.4, 'Si': 20.19, 'O': 46.01}","{'CaO': 19.76, 'Al2O3': 35.84, 'SiO2': 44.40}"
orthoclase,K(AlSi3O8),feldspar group,tectosilicate,"[['K', 1, 1], ['Al', 1, 3], ['Si', 3, 4], ['O', 8, -2]]","{'K': 14.05, 'Al': 9.69, 'Si': 30.27, 'O': 45.99}","{'K2O': 16.92, 'Al2O3': 18.32, 'SiO2': 64.76}"
banalsite,Na2BaAl4Si4O16,feldspar group,tectosilicate,"[['Na', 2, 1], ['Ba', 1, 2], ['Al', 4, 3], ['Si', 4, 4], ['O', 16, -2]]","{'Na': 6.97, 'Ba': 20.82, 'Al': 16.36, 'Si': 17.03, 'O': 38.81}","{'Na2O': 9.40, 'BaO': 23.25,  'Al2O3': 30.92, 'SiO2': 36.44}"
buddingtonite,(NH4)(AlSi3O8)0.5H2O,feldspar group,tectosilicate,"[['N', 1, -3], ['H', 4, 1], ['Al', 1, 3], ['Si', 3, 4], ['O', 8, -2]]","{'N': 5.26, 'H': 1.51, 'Al': 10.13, 'Si': 31.64, 'O': 51.07}","{'H2O': 3.38, 'NH42O': 9.78,  'Al2O3': 19.15, 'SiO2': 67.69}"
celsian,Ba(Al2Si2O8),feldspar group,tectosilicate,"[['Ba', 1, 2], ['Al', 2, 3], ['Si', 2, 4], ['O', 8, -2]]","{'Ba': 36.58, 'Al': 14.37, 'Si': 14.96, 'O': 34.09}","{'BaO': 40.84,  'Al2O3': 27.16, 'SiO2': 32.01}"
reedmergnerite,NaBSi3O8,feldspar group,tectosilicate,"[['Na', 1, 1], ['B', 1, 3], ['Si', 3, 4], ['O', 8, -2]]","{'Na': 9.34, 'B': 4.39, 'Si': 34.24, 'O': 52.02}","{'Na2O': 12.59,  'B2O3': 14.15, 'SiO2': 73.26}"
slawsonite,Sr(Al2Si2O8),feldspar group,tectosilicate,"[['Sr', 1, 2], ['Al', 2, 3], ['Si', 2, 4], ['O', 8, -2]]","{'Sr': 26.9, 'Al': 16.57, 'Si': 17.24, 'O': 39.29}","{'SrO': 31.83,  'Al2O3': 31.31, 'SiO2': 36.87}"
stronalsite,Na2SrAl4Si4O16,feldspar group,tectosilicate,"[['Na', 2, 1], ['Sr', 1, 2], ['Al', 4, 3], ['Si', 4, 4], ['O', 16, -2]]","{'Na': 7.54, 'Sr': 14.37, 'Al': 17.7, 'Si': 18.42, 'O': 41.98}","{'Na2O': 10.16, 'SrO': 16.99,  'Al2O3': 33.44, 'SiO2': 39.41}"
rubicline,Rb(AlSi3O8),feldspar group,tectosilicate,"[['Rb', 1, 1], ['Al', 1, 3], ['Si', 3, 4], ['O', 8, -2]]","{'Rb': 26.32, 'Al': 8.31, 'Si': 25.95, 'O': 39.42}","{'Rb2O': 28.79,  'Al2O3': 15.70, 'SiO2': 55.50}"
kalsilite,KAlSiO4,feldspathoid group,tectosilicate,"[['K', 1, 1], ['Al', 1, 3], ['Si', 1, 4], ['O', 4, -2]]","{'K': 24.72, 'Al': 17.06, 'Si': 17.76, 'O': 40.46}","{'K2O': 29.78,  'Al2O3': 32.23, 'SiO2': 37.99}"
leucite,K(AlSi2O6),feldspathoid group,tectosilicate,"[['K', 1, 1], ['Al', 1, 3], ['Si', 2, 4], ['O', 6, -2]]","{'K': 17.91, 'Al': 12.36, 'Si': 25.74, 'O': 43.99}","{'K2O': 21.58,  'Al2O3': 23.36, 'SiO2': 55.06}"
sodalite,Na4(Si3Al3)O12Cl,feldspathoid group,tectosilicate,"[['Na', 4, 1], ['Al', 3, 3], ['Si', 3, 4], ['O', 12, -2], ['Cl', 1, 1]]","{'Na': 18.98, 'Al': 16.7, 'Si': 17.39, 'O': 39.62, 'Cl': 7.32}","{'Na2O': 25.58,  'Al2O3': 31.56, 'SiO2': 37.20, 'F': 5.67}"
nosalite,Na8(Si6Al6)O24(SO4)·H2O,feldspathoid group,tectosilicate,"[['Na', 8, 1], ['Al', 6, 3], ['Si', 6, 4], ['O', 29, -2], ['S', 1, '+6'], ['H', 2, 1]]","{'Na': 18.17, 'Al': 15.99, 'Si': 16.64, 'O': 45.83, 'S': 3.17, 'H': 0.2}","{'Na2O': 24.49,  'Al2O3': 30.21, 'SiO2': 35.61, 'H2O': 1.78, 'SO3': 7.91}"
hauynite,Na3Ca(Si3Al3)O12(SO4),feldspathoid group,tectosilicate,"[['Na', 3, 1], ['Ca', 1, 2], ['Al', 3, 3], ['Si', 3, 4], ['O', 16, -2], ['S', 1, 6]]","{'Na': 12.27, 'Ca': 7.13, 'Al': 14.4, 'Si': 14.98, 'O': 45.53, 'S': 5.7}","{'Na2O': 16.53,  'CaO': 9.98, 'Al2O3': 27.21, 'SiO2': 32.04, 'SO3': 14.23}"
marialite,Na4Al3Si9O24Cl,scapolite group,tectosilicate,"[['Na', 4, 1], ['Al', 3, 3], ['Si', 9, 4], ['O', 24, -2], ['Cl', 1, 1]]","{'Na': 10.88, 'Al': 9.58, 'Si': 29.91, 'O': 45.44, 'Cl': 4.19}","{'Na2O': 14.67,  'Al2O3': 18.10, 'SiO2': 63.99, 'Cl': 3.25}"
meionite,Ca4Al6Si6O24(CO3),scapolite group,tectosilicate,"[['Ca', 4, 2], ['Al', 6, 3], ['Si', 6, 4], ['O', 27, -2], ['C', 1, 4]]","{'Ca': 17.15, 'Al': 17.32, 'Si': 18.03, 'O': 46.22, 'C': 1.28}","{'CaO': 24.00,  'Al2O3': 32.73, 'SiO2': 38.57, 'CO2': 4.71}"
natrolite,Na2Al2Si3O10 · 2H2O,zeolite group,tectosilicate,"[['Na', 2, 1], ['Al', 2, 3], ['Si', 3, 4], ['O', 12, -2], ['H', 4, 1]]","{'Na': 12.09, 'Al': 14.19, 'Si': 22.16, 'O': 50.5, 'H': 1.06}","{'Na2O': 16.30,  'Al2O3': 26.82, 'SiO2': 47.41, 'H2O': 9.48}"
thomsonite,NaCa2(Al5Si5)O20·6H2O,zeolite group,tectosilicate,"[['Na', 1, 1], ['Ca', 2, 2], ['Al', 5, 3], ['Si', 5, 4], ['O', 26, -2], ['H', 12, 1]]","{'Na': 2.85, 'Ca': 9.94, 'Al': 16.73, 'Si': 17.41, 'O': 51.58, 'H': 1.5}","{'Na2O': 3.84, 'CaO': 13.91, 'Al2O3': 31.60, 'SiO2': 37.25, 'H2O': 13.40}"
phillipsite-K,K6(Si10Al6)O32 · 12H2O,zeolite group,tectosilicate,"[['K', 6, 1], ['Al', 6, 3], ['Si', 10, 4], ['O', 44, -2], ['H', 24, 1]]","{'K': 16.69, 'Al': 11.52, 'Si': 19.98, 'O': 50.09, 'H': 1.72}","{'K2O': 20.10, 'Al2O3': 21.77, 'SiO2': 42.75, 'H2O': 15.48}"
phillipsite-Ca,Ca3(Si10Al6)O32 · 12H2O,zeolite group,tectosilicate,"[['Ca', 3, 2], ['Al', 6, 3], ['Si', 10, 4], ['O', 44, -2], ['H', 24, 1]]","{'Ca': 9.31, 'Al': 12.54, 'Si': 21.75, 'O': 54.52, 'H': 1.87}","{'CaO': 13.03, 'Al2O3': 23.69, 'SiO2': 46.54, 'H2O': 16.74}"
phillipsite-Na,Na6(Si10Al6)O32 · 12H2O,zeolite group,tectosilicate,"[['Na', 6, 1], ['Al', 6, 3], ['Si', 10, 4], ['O', 44, -2], ['H', 24, 1]]","{'Na': 10.54, 'Al': 12.37, 'Si': 21.46, 'O': 53.79, 'H': 1.85}","{'Na2O': 14.20, 'Al2O3': 23.38, 'SiO2': 45.91, 'H2O': 16.51}"
harmotome,Ba2(Si12Al4)O32 · 12H2O,zeolite group,tectosilicate,"[['Ba', 2, 2], ['Al', 4, 3], ['Si', 12, 4], ['O', 44, -2], ['H', 24, 1]]","{'Ba': 18.97, 'Al': 7.45, 'Si': 23.28, 'O': 48.63, 'H': 1.67}","{'BaO': 21.18, 'Al2O3': 14.08, 'SiO2': 49.79, 'H2O': 14.94}"
heulandite- Ca,"(Ca,Na)5(Si27Al9)O72 · 26H2O",zeolite group,tectosilicate,"[['Ca', 4, 2], ['Na', 1, 1], ['Si', 27, 4], ['Al', 9, 3], ['O', 98, -2], ['H', 52, 1]]","{'Ca': 5.72, 'Na': 0.82, 'Si': 27.04, 'Al': 8.66, 'O': 55.9, 'H': 1.87}","{'CaO': 7.99, 'Na2O': 1.10, 'Al2O3': 16.36, 'SiO2': 57.84, 'H2O': 16.71}"
heulandite- Ba,"(Ba,Ca,K)5(Si27Al9)O72 · 22H2O",zeolite group,tectosilicate,"[['Ba', 2.5, 2], ['Ca', 1.5, 1], ['K', 1, 1], ['Si', 27, 4], ['Al', 9, 3], ['O', 94, -2], ['H', 44, 1]]","{'Ba': 11.47, 'Ca': 2.01, 'K': 1.31, 'Si': 25.34, 'Al': 8.12, 'O': 50.27, 'H': 1.48}","{'BaO': 12.81, 'CaO': 2.81, 'K2O': 1.57, 'Al2O3': 15.34, 'SiO2': 54.22, 'H2O': 13.25}"
chabazite-Ca,Ca2[Al4Si8O24] · 13H2O,zeolite group,tectosilicate,"[['Ca', 2, 2], ['Al', 4, 3], ['Si', 8, 4], ['O', 37, -2], ['H', 26, 1]]","{'Ca': 7.77, 'Al': 10.47, 'Si': 21.79, 'O': 57.42, 'H': 2.54}","{'CaO': 10.88, 'Al2O3': 19.79, 'SiO2': 46.63, 'H2O': 22.70}"
chabazite-K,(K2NaCa0.5)[Al4Si8O24] · 11H2O,zeolite group,tectosilicate,"[['K', 2, 1], ['Na', 1, 1], ['Ca', 0.5, 2], ['Al', 4, 3], ['Si', 8, 4], ['O', 35, -2], ['H', 22, 1]]","{'K': 7.55, 'Na': 2.22, 'Ca': 1.93, 'Al': 10.42, 'Si': 21.69, 'O': 54.05, 'H': 2.14}","{'Na2O': 2.99, 'CaO': 2.71, 'K2O': 9.09, 'Al2O3': 19.69, 'SiO2': 46.39, 'H2O': 19.13}"
chabazite-Na,(Na3K)[Al4Si8O24] · 11H2O,zeolite group,tectosilicate,"[['Na', 3, 1], ['K', 1, 1], ['Al', 4, 3], ['Si', 8, 4], ['O', 35, -2], ['H', 22, 1]]","{'Na': 6.74, 'K': 3.82, 'Al': 10.55, 'Si': 21.97, 'O': 54.75, 'H': 2.17}","{'Na2O': 9.09, 'K2O': 4.61, 'Al2O3': 19.94, 'SiO2': 47.00, 'H2O': 19.38}"
barrerite,Na2(Si7Al2)O18 · 6H2O,zeolite group,tectosilicate,"[['Na', 2, 1], ['Al', 2, 3], ['Si', 7, 4], ['O', 24, -2], ['H', 12, 1]]","{'Na': 6.64, 'Al': 7.79, 'Si': 28.38, 'O': 55.44, 'H': 1.75}","{'Na2O': 8.95, 'Al2O3': 14.72, 'SiO2': 60.70, 'H2O': 15.61}"
stilbite-ca,NaCa4(Si27Al9)O72 · 28H2O,zeolite group,tectosilicate,"[['Na', 1, 1], ['Ca', 4, 2], ['Al', 9, 3], ['Si', 27, 4], ['O', 100, -2], ['H', 56, 1]]","{'Na': 0.81, 'Ca': 5.64, 'Al': 8.55, 'Si': 26.69, 'O': 56.32, 'H': 1.99}","{'Na2O': 1.09, 'CaO': 7.90, 'Al2O3': 16.15, 'SiO2': 57.11, 'H2O': 17.76}"
laumontite,CaAl2Si4O12 · 4H2O,zeolite group,tectosilicate,"[['Ca', 1, 2], ['Al', 2, 3], ['Si', 4, 4], ['O', 16, -2], ['H', 8, 1]]","{'Ca': 8.52, 'Al': 11.47, 'Si': 23.88, 'O': 54.42, 'H': 1.71}","{'CaO': 11.92, 'Al2O3': 21.67, 'SiO2': 51.09, 'H2O': 15.32}"
analcime,Na(AlSi2O6) · H2O,zeolite group,tectosilicate,"[['Na', 1, 1], ['Al', 1, 3], ['Si', 2, 4], ['O', 7, -2], ['H', 2, 1]]","{'Na': 10.44, 'Al': 12.26, 'Si': 25.51, 'O': 50.87, 'H': 0.92}","{'Na2O': 14.08, 'Al2O3': 23.16, 'SiO2': 54.58, 'H2O': 8.18}"
wairakite,Ca(Si4Al2)O12·2H2O,zeolite group,tectosilicate,"[['Ca', 1, 1], ['Al', 2, 3], ['Si', 4, 4], ['O', 14, -2], ['H', 4, 1]]","{'Ca': 9.23, 'Al': 12.42, 'Si': 25.86, 'O': 51.56, 'H': 0.93}","{'CaO': 12.91, 'Al2O3': 23.47, 'SiO2': 55.33, 'H2O': 8.29}"
bikitaite,LiAlSi2O6 · H2O,zeolite group,tectosilicate,"[['Li', 1, 1], ['Al', 1, 3], ['Si', 2, 4], ['O', 7, -2], ['H', 2, 1]]","{'Li': 3.4, 'Al': 13.22, 'Si': 27.52, 'O': 54.87, 'H': 0.99}","{'Li2O': 7.32, 'Al2O3': 24.98, 'SiO2': 58.88, 'H2O': 8.83}"
clinoptilolite-Ca,Ca3(Si30Al6)O72 · 20H2O,zeolite group,tectosilicate,"[['Ca', 3, 2], ['Al', 6, 3], ['Si', 30, 4], ['O', 92, -2], ['H', 40, 1]]","{'Ca': 4.56, 'Al': 6.14, 'Si': 31.95, 'O': 55.82, 'H': 1.53}","{'CaO': 6.38, 'Al2O3': 11.61, 'SiO2': 68.36, 'H2O': 13.66}"
clinoptilolite-Na,Na6(Si30Al6)O72 · 20H2O,zeolite group,tectosilicate,"[['Na', 6, 1], ['Al', 6, 3], ['Si', 30, 4], ['O', 92, -2], ['H', 40, 1]]","{'Na': 5.2, 'Al': 6.1, 'Si': 31.74, 'O': 55.45, 'H': 1.52}","{'Na2O': 7.01, 'Al2O3': 11.52, 'SiO2': 67.89, 'H2O': 13.58}"
carpholite,Mn2+Al2Si2O6(OH)4,carpholite group,inosilicate,"[['Mn', 1, 2], ['Al', 2, 3], ['Si', 2, 4], ['O', 10, -2], ['H', 4, 1]]","{'Mn': 16.69, 'Al': 16.4, 'Si': 17.07, 'O': 48.62, 'H': 1.23}","{'MnO': 21.56, 'Al2O3': 30.98, 'SiO2': 36.51, 'H2O': 10.95}"
magnesiocarpholite,MgAl2Si2O6(OH)4,carpholite group,inosilicate,"[['Mg', 1, 2], ['Al', 2, 3], ['Si', 2, 4], ['O', 10, -2], ['H', 4, 1]]","{'Mg': 8.14, 'Al': 18.08, 'Si': 18.82, 'O': 53.61, 'H': 1.35}","{'MgO': 13.50, 'Al2O3': 34.16, 'SiO2': 40.26, 'H2O': 12.07}"
cummingtonite,Mg2Mg5(Si8O22)(OH)2,clinoamphibole group,inosilicate,"[['Mg', 7, 2], ['Si', 8, 4], ['O', 24, -2], ['H', 2, 1]]","{'Mg': 21.79, 'Si': 28.78, 'O': 49.18, 'H': 0.26}","{'MgO': 36.13, 'SiO2': 61.56, 'H2O': 2.31}"
actinolite,Ca2(Mg4.5-2.5Fe0.5-2.5)Si8O22(OH)2,clinoamphibole group,inosilicate,"[['Ca'. 2, 2], ['Mg', 3.5, 2], ['Fe', 1.5, 2], ['Si', 8, 4], ['O', 24, -2], ['H', 2, 1]]","{'Ca': 9.33, 'Mg': 9.9, 'Fe': 9.74, 'Si': 26.14, 'O': 44.66, 'H': 0.23}","{'CaO': 13.05, 'MgO': 16.4, 'FeO': 12.53, 'SiO2': 55.91, 'H2O': 2.10}"
glaucophane,Na2][Mg3Al2]Si8O22(OH)2,clinoamphibole group,inosilicate,"[['Na', 2, 1], ['Mg', 3, 2], ['Al', 2, 3], ['Si', 8, 4], ['O', 24, -2], ['H', 2, 1]]","{'Na': 5.87, 'Mg': 9.31, 'Al': 6.89, 'Si': 28.67, 'O': 49.01, 'H': 0.26}","{'MgO': 15.43, 'Na2O': 7.91, 'Al2O3': 13.01, 'SiO2': 61.35, 'H2O': 2.30}"
tschermakite,(Ca2)(Mg3Al2)(Al2Si6O22)(OH)2,clinoamphibole group,inosilicate,"[['Ca', 2, 2], ['Mg', 3, 2], ['Al', 4, 3], ['Si', 6, 4], ['O', 24, -2], ['H', 2, 1]]","{'Ca': 9.83, 'Mg': 8.94, 'Al': 13.23, 'Si': 20.66, 'O': 47.09, 'H': 0.25}","{'MgO': 14.83, 'CaO': 13.75, 'Al2O3': 25, 'SiO2': 44.21, 'H2O': 2}"
winchite,{CaNa}{Mg4Al}(Si8O22)(OH)2,clinoamphibole group,inosilicate,"[['Ca', 1, 2], ['Na', 1, 1], ['Mg', 4, 2], ['Al', 1, 3], ['Si', 8, 4], ['O', 24, -2], ['H', 2, 1]]","{'Ca': 5.02, 'Na': 2.88, 'Mg': 12.18, 'Al': 3.38, 'Si': 28.16, 'O': 48.12, 'H': 0.25}","{'MgO': 20.2, 'Na2O': 3.89, 'CaO': 7.02, 'Al2O3': 6.38, 'SiO2': 60.24, 'H2O': 2}"
riebeckite,[Na2][Fe2+3Fe3+2]Si8O22(OH)2,clinoamphibole group,inosilicate,"[['Na', 2, 1], ['Fe', 3, 2], ['Fe', 2, 3], ['Si', 8, 4], ['O', 24, -2], ['H', 2, 1]]","{'Na': 4.91, 'Fe': 29.84, 'Si': 24.01, 'O': 41.03, 'H': 0.22}","{'FeO': 23.03, 'Na2O': 6.62, 'Fe2O3': 17.06, 'SiO2': 51.36, 'H2O': 1.92}"
edenite,NaCa2Mg5(Si7Al)O22(OH)2,clinoamphibole group,inosilicate,"[['Na', 1, 1], ['Ca', 2, 2], ['Mg', 5, 2], ['Al', 1, 3], ['Si', 7, 4], ['O', 24, -2], ['H', 2, 1]]","{'Na': 2.76, 'Ca': 9.61, 'Mg': 14.57, 'Al': 3.23, 'Si': 23.57, 'O': 46.03, 'H': 0.24}","{'CaO': 13.44, 'Na2O': 3.71, 'MgO': 24.16, 'Al2O3': 6.11, 'SiO2': 50.42, 'H2O': 2.16}"
pargasite,NaCa2(Mg4Al)(Si6Al2)O22(OH)2,clinoamphibole group,inosilicate,"[['Na', 1, 1], ['Ca', 2, 2], ['Mg', 4, 2], ['Al', 3, 3], ['Si', 6, 4], ['O', 24, -2], ['H', 2, 1]]","{'Na': 2.75, 'Ca': 9.59, 'Mg': 11.63, 'Al': 9.68, 'Si': 20.16, 'O': 45.94, 'H': 0.24}","{'CaO': 13.41, 'Na2O': 3.71, 'MgO': 19.29, 'Al2O3': 18.29, 'SiO2': 43.09, 'H2O': 2.16}"
grunerite,{Fe2+2}{Fe2+5}(Si8O22)(OH)2,clinoamphibole group,inosilicate,"[['Fe', 7, 2], ['Si', 8, 4], ['O', 24, -2], ['H', 2, 1]]","{'Fe': 39.03, 'Si': 22.43, 'O': 38.34, 'H': 0.2}","{'FeO': 50.21, 'SiO2': 47.99, 'H2O': 1.80 }"
arfvedsonite,[Na][Na2][Fe2+4Fe3+]Si8O22(OH)2,clinoamphibole group,inosilicate,"[['Na', 3, 1], ['Fe', 4, 2], ['Fe', 1, 3], ['Si', 8, 4], ['O', 24, -2], ['H', 2, 1]]","{'Na': 7.19, 'Fe': 29.12, 'Si': 23.43, 'O': 40.05, 'H': 0.21}","{'FeO': 29.97, 'Na2O': 9.70, 'Fe2O3': 8.33, 'SiO2': 50.13, 'H2O': 1.88}"
hastingsite,NaCa2(Fe2+4Fe3+)(Si6Al2)O22(OH)2,clinoamphibole group,inosilicate,"[['Na', 1, 1], ['Ca', 2, 2], ['Fe', 4, 2], ['Fe', 1, 3], ['Si', 6, 4], ['Al', 2, 3], ['O', 24, -2], ['H', 2, 1]]","{'Na': 2.32, 'Ca': 8.09, 'Fe': 28.18, 'Si': 17.01, 'Al': 5.45, 'O': 38.75, 'H': 0.2}","{'CaO': 11.32, 'Na2O': 3.13, 'Fe2O3': 8.06, 'Al2O3': 10.29, 'FeO': 29.00, 'SiO2': 36.38, 'H2O': 1.82}"
kaersutite,NaCa2(Mg4Ti4+)(Si6Al2)O23OH2,clinoamphibole group,inosilicate,"[['Na', 1, 1], ['Ca', 2, 2], ['Mg', 4, 2], ['Ti', 1, 4], ['Si', 6, 4], ['Al', 2, 3], ['O', 25, -2], ['H', 2, 1]]","{'Na': 2.68, 'Ca': 9.18, 'Mg': 11.14, 'Ti': 5.49, 'Si': 19.31, 'Al': 6.18, 'O': 45.83, 'H': 0.23}","{'CaO': 12.85, 'Na2O': 3.55, 'TiO2': 9.15, 'Al2O3': 11.68, 'MgO': 18.47, 'SiO2': 41.31, 'H2O': 2.06}"
sadanagaite,{Na}{Ca2}{Mg3Al2}(Si5Al3O22)(OH)2,clinoamphibole group,inosilicate,"[['Na', 1, 1], ['Ca', 2, 2], ['Mg', 3, 2], ['Si', 5, 4], ['Al', 5, 3], ['O', 24, -2], ['H', 2, 1]]","{'Na': 2.75, 'Ca': 9.57, 'Mg': 8.71, 'Si': 16.77, 'Al': 16.11, 'O': 45.86, 'H': 0.24}","{'CaO': 13.38, 'Na2O': 3.71, 'MgO': 14.45, 'Al2O3': 30.42, 'SiO2': 35.85, 'H2O': 2.14}"
richterite,Na(NaCa)Mg5(Si8O22)(OH)2,clinoamphibole group,inosilicate,"[['Na', 2, 1], ['Ca', 1, 2], ['Mg', 5, 2], ['Si', 8, 4], ['O', 24, -2], ['H', 2, 1]]","{'Na': 5.62, 'Ca': 4.9, 'Mg': 14.85, 'Si': 27.46, 'O': 46.93, 'H': 0.25}","{'MgO': 24.63, 'Na2O': 7.58, 'CaO': 6.85, 'SiO2': 58.76, 'H2O': 2.23}"
taramite,Na(CaNa)(Mg3Al2)(Al2Si6O22)(OH)2,clinoamphibole group,inosilicate,"[['Na', 2, 1], ['Ca', 1, 2], ['Mg', 3, 2], ['Si', 6, 4], ['Al', 4, 3], ['O', 24, -2], ['H', 2, 1]]","{'Na': 5.6, 'Ca': 4.88, 'Mg': 8.88, 'Si': 20.51, 'Al': 13.14, 'O': 46.75, 'H': 0.25}","{'CaO': 6.83, 'Na2O': 7.55, 'MgO': 14.72, 'Al2O3': 24.82, 'SiO2': 43.89, 'H2O': 2.23}"
katophorite,{Na}{CaNa}{Mg4Al}[(AlSi7)O22](OH)2,clinoamphibole group,inosilicate,"[['Na', 2, 1], ['Ca', 1, 2], ['Mg', 4, 2], ['Si', 7, 4], ['Al', 2, 3], ['O', 24, -2], ['H', 2, 1]]","{'Na': 5.61, 'Ca': 4.89, 'Mg': 11.86, 'Si': 23.98, 'Al': 6.58, 'O': 46.84, 'H': 0.25}","{'CaO': 6.84, 'Na2O': 7.56, 'MgO': 19.66, 'Al2O3': 12.43, 'SiO2': 51.27, 'H2O': 2.23}"
eckermannite,NaNa2(Mg4Al}Si8O22(OH)2,clinoamphibole group,inosilicate,"[['Na', 3, 1], ['Mg', 4, 2], ['Si', 8, 4], ['Al', 1, 3], ['O', 24, -2], ['H', 2, 1]]","{'Na': 8.58, 'Mg': 12.09, 'Si': 27.95, 'Al': 3.36, 'O': 47.77, 'H': 0.25}","{'MgO': 20.06, 'Na2O': 11.57, 'Al2O3': 6.34, 'SiO2': 59.80, 'H2O': 2.24}"
nybøite,NaNa2(Mg3Al2)(AlSi7O22)(OH)2,clinoamphibole group,inosilicate,"[['Na', 3, 1], ['Mg', 3, 2], ['Si', 7, 4], ['Al', 3, 3], ['O', 24, -2], ['H', 2, 1]]","{'Na': 8.56, 'Mg': 9.05, 'Si': 24.41, 'Al': 10.05, 'O': 47.68, 'H': 0.25}","{'MgO': 15.01, 'Na2O': 11.53, 'Al2O3': 18.99, 'SiO2': 52.22, 'H2O': 2.23}"
pedrizite,NaLi2(LiMg2Al2)(Si8O22)(OH)2,clinoamphibole group,inosilicate,"[['Na', 1, 1], ['Li', 3, 1], ['Mg', 2, 2], ['Si', 8, 4], ['Al', 2, 3], ['O', 24, -2], ['H', 2, 1]]","{'Na': 3.04, 'Li': 2.75, 'Mg': 6.42, 'Si': 29.68, 'Al': 7.13, 'O': 50.72, 'H': 0.27}","{'Li2O': 5.92, 'Na2O': 4.10, 'MgO': 10.64, 'Al2O3': 13.47, 'SiO2': 63.45, 'H2O': 2.41}"
leakeite,NaNa2(Mg2Al2Li)(Si8O22)(OH)2,clinoamphibole group,inosilicate,"[['Na', 3, 1], ['Li', 1, 1], ['Mg', 2, 2], ['Si', 8, 4], ['Al', 2, 3], ['O', 24, -2], ['H', 2, 1]]","{'Na': 8.74, 'Li': 0.88, 'Mg': 6.16, 'Si': 28.47, 'Al': 6.84, 'O': 48.66, 'H': 0.26}","{'Li2O': 1.89, 'Na2O': 11.78, 'MgO': 10.21, 'Al2O3': 12.93, 'SiO2': 60.91, 'H2O': 2.32}"
ferro-actinolite,Ca2Fe2+5(Si8O22)(OH)2,clinoamphibole group,inosilicate,"[['Ca', 2, 2], ['Fe', 5, 2], ['Si', 8, 4], ['O', 24, -2], ['H', 2, 1]]","{'Ca': 8.26, 'Fe': 28.78, 'Si': 23.16, 'O': 39.58, 'H': 0.21}","{'CaO': 11.56, 'FeO': 37.03, 'SiO2': 49.55, 'H2O': 1.86}"
fluorocannilloite,CaCa2(Mg4Al)(Si5Al3)O22F2,clinoamphibole group,inosilicate,"[['Ca', 3, 2], ['Mg', 4, 2], ['Al', 4, 3], ['Si', 5, 4], ['O', 22, -2], ['F', 2, 1]]","{'Ca': 14.05, 'Mg': 11.36, 'Al': 12.61, 'Si': 16.41, 'O': 41.13, 'F': 4.44}","{'CaO': 19.66, 'MgO':18.84, 'Al2O3': 23.83, 'SiO2': 35.10, 'F': 2.57}"
ferro-edenite,NaCa2Fe2+5(Si7Al)O22(OH)2,clinoamphibole group,inosilicate,"[['Na', 1, 1], ['Ca', 2, 2], ['Fe', 5, 2], ['Al', 1, 3], ['Si', 7, 4], ['O', 24, -2], ['H', 2, 1]]","{'Na': 2.32, 'Ca': 8.08, 'Fe': 28.15, 'Al': 2.72, 'Si': 19.82, 'O': 38.71, 'H': 0.2}","{'Na2O': 3.12, 'CaO': 11.31, 'FeO':36.21, 'Al2O3': 5.14, 'SiO2': 42.40, 'H2O':1.82}"
fluoroedenite,NaCa2Mg5(Si7Al)O22F2,clinoamphibole group,inosilicate,"[['Na', 1, 1], ['Ca', 2, 2], ['Mg', 5, 2], ['Al', 1, 3], ['Si', 7, 4], ['O', 22, -2], ['F', 2, 1]]","{'Na': 2.74, 'Ca': 9.56, 'Mg': 14.5, 'Al': 3.22, 'Si': 23.45, 'O': 41.99, 'F': 4.53}","{'Na2O': 3.70, 'CaO': 13.37, 'MgO':24.04, 'Al2O3': 6.08, 'SiO2': 50.12, 'F':2.69}"
magnesio-fluoro-hastingsite,NaCa2(Mg4Fe3+)(Si6Al2)O22F2,clinoamphibole group,inosilicate,"[['Na', 1, 1], ['Ca', 2, 2], ['Mg', 4, 2], ['Fe', 1, 3], ['Al', 2, 3], ['Si', 6, 4], ['O', 22, -2], ['F', 2, 1]]","{'Na': 2.65, 'Ca': 9.23, 'Mg': 11.19, 'Fe': 6.43, 'Al': 6.21, 'Si': 19.4, 'O': 40.52, 'F': 4.37}","{'Na2O': 3.57, 'CaO': 12.91, 'MgO':18.54, 'Fe2O3': 9.19, 'Al2O3': 11.73, 'SiO2': 41.47, 'F':2.59}"
magnesio-hastingsite,NaCa2(Mg4Fe3+)(Si6Al2)O22(OH)2,clinoamphibole group,inosilicate,"[['Na', 1, 1], ['Ca', 2, 2], ['Mg', 4, 2], ['Fe', 1, 3], ['Al', 2, 3], ['Si', 6, 4], ['O', 24, -2], ['H', 2, 1]]","{'Na': 2.66, 'Ca': 9.27, 'Mg': 11.24, 'Fe': 6.46, 'Al': 6.24, 'Si': 19.49, 'O': 44.41, 'H': 0.23}","{'Na2O': 3.58, 'CaO': 12.97, 'MgO': 18.64, 'Fe2O3': 9.23, 'Al2O3': 11.79, 'SiO2': 41.69, 'H2O':2.08}"
postassic-chloro-hastingsite,KCa2(Fe2+4Fe3+)(Si6Al2)O22Cl2,clinoamphibole group,inosilicate,"[['K', 1, 1], ['Ca', 2, 2], ['Fe', 4, 2], ['Fe', 1, 3], ['Al', 2, 3], ['Si', 6, 4], ['O', 22, -2], ['Cl', 2, 1]]","{'K': 3.75, 'Ca': 7.68, 'Fe':  26.74, 'Al': 5.17, 'Si': 16.14, 'O': 33.72, 'Cl': 6.79}","{'K2O': 4.44, 'CaO': 10.59, 'FeO': 27.10, 'Fe2O3': 7.53, 'Al2O3': 9.63, 'SiO2': 34.03, 'Cl':6.69}"
postassic-fluoro-hastingsite,KCa2(Fe2+4Fe3+)(Si6Al2)O22F2,clinoamphibole group,inosilicate,"[['K', 1, 1], ['Ca', 2, 2], ['Fe', 4, 2], ['Fe', 1, 3], ['Al', 2, 3], ['Si', 6, 4], ['O', 22, -2], ['F', 2, 1]]","{'K': 3.87, 'Ca': 7.93, 'Fe': 27.64, 'Al': 5.34, 'Si': 16.67, 'O': 34.82, 'F': 3.76}","{'K2O':4.53, 'CaO': 10.79, 'FeO': 28.52, 'Fe2O3': 7.95, 'Al2O3': 9.82, 'SiO2': 34.65, 'F': 3.78}"
postassic-hastingsite,KCa2(Fe2+4Fe3+)(Al2Si6O22)(OH)2,clinoamphibole group,inosilicate,"[['K', 1, 1], ['Ca', 2, 2], ['Fe', 4, 2], ['Fe', 1, 3], ['Al', 2, 3], ['Si', 6, 4], ['O', 24, -2], ['H', 2, 1]]","{'K': 3.88, 'Ca': 7.96, 'Fe': 27.72, 'Al': 5.36, 'Si': 16.73, 'O': 38.13, 'H': 0.2}","{'K2O':4.67, 'CaO': 11.14, 'FeO': 28.48, 'Fe2O3': 7.92, 'Al2O3':10.13, 'SiO2': 36.3, 'H2O': 1.8}"
postassic-magnesio-hastingsite,KCa2(Mg4Fe3+)(Si6Al2)O22(OH)2,clinoamphibole group,inosilicate,"[['K', 1, 1], ['Ca', 2, 2], ['Mg', 4, 2], ['Fe', 1, 3], ['Al', 2, 3], ['Si', 6, 4], ['O', 24, -2], ['H', 2, 1]]","{'K': 4.44, 'Ca': 9.1, 'Mg': 11.04, 'Fe': 6.34, 'Al': 6.13, 'Si': 19.13, 'O': 43.6, 'H': 0.23}","{'K2O':5.43, 'CaO': 12.95, 'MgO': 18.68, 'Fe2O3': 9.24, 'Al2O3':11.27, 'SiO2': 41.27, 'H2O': 1.23}"
ferro-ferri-hornblende,Ca2(Fe2+4Fe3+)(AlSi7O22)(OH)2,clinoamphibole group,inosilicate,"[['Ca', 2, 2], ['Fe', 4, 2], ['Fe', 1, 3], ['Al', 1, 3], ['Si', 7, 4], ['O', 24, -2], ['H', 2, 1]]","{'Ca': 8.27, 'Fe': 28.81, 'Al': 2.78, 'Si': 20.29, 'O': 39.63, 'H': 0.21}","{'CaO': 10.71, 'FeO': 32.37, 'Fe2O3': 8.11, 'Al2O3': 5.17, 'SiO2': 42.06, 'H2O': 1.88}"
ferro-hornblende,Ca2(Fe2+4Al)(Si7Al)O22(OH)2,clinoamphibole group,inosilicate,"[['Ca', 2, 2], ['Fe', 4, 2], ['Al', 2, 3], ['Si', 7, 4], ['O', 24, -2], ['H', 2, 1]]","{'Ca': 8.53, 'Fe': 23.76, 'Al': 5.74, 'Si': 20.91, 'O': 40.85, 'H': 0.21}","{'CaO': 11.55, 'FeO': 32.88, 'Al2O3': 10.52, 'SiO2': 43.37, 'H2O': 1.82}"
magnesio-ferri-fluoro-hornblende,Ca2(Mg4Fe3+)(AlSi7O22)F2,clinoamphibole group,inosilicate,"[['Ca', 2, 2], ['Mg', 4, 2], ['Fe', 1, 3], ['Al', 1, 3], ['Si', 7, 4], ['O', 22, -2], ['F', 2, 1]]","{'Ca': 9.47, 'Mg': 11.48, 'Fe': 6.59, 'Al': 3.19, 'Si': 23.22, 'O': 41.57, 'F': 4.49}","{'CaO': 13.26, 'MgO': 19.02, 'Fe2O3': 9.41, 'Al2O3': 6.02, 'SiO2': 49.66, 'F': 2.69}"
magnesio-ferri-hornblende,Ca2(Mg4Fe3+)[(Si7Al)O22](OH)2,clinoamphibole group,inosilicate,"[['Ca', 2, 2], ['Mg', 4, 2], ['Fe', 1, 3], ['Al', 1, 3], ['Si', 7, 4], ['O', 24, -2], ['H', 2, 1]]","{'Ca': 9.51, 'Mg': 11.54, 'Fe': 6.63, 'Al': 3.2, 'Si': 23.33, 'O': 45.56, 'H': 0.24}","{'CaO': 13.31, 'MgO':  19.14, 'Fe2O3': 9.47, 'Al2O3': 6.05, 'SiO2': 49.89, 'H2O': 2.14}"
ferri-winchite,(NaCa)(Mg4Fe3+)Si8O22(OH)2,clinoamphibole group,inosilicate,"[['Na', 1, 1], ['Ca', 1, 2], ['Mg', 4, 2], ['Fe', 1, 3], ['Si', 8, 4], ['O', 24, -2], ['H', 2, 1]]","{'Na': 2.78, 'Ca': 4.85, 'Mg': 11.76, 'Fe': 6.75, 'Si': 27.17, 'O': 46.44, 'H': 0.24}","{'CaO': 6.79, 'Na2O': 3.75, 'MgO':  19.50, 'Fe2O3': 9.64,'SiO2':  58.13, 'H2O': 2.14}"
ferri-taramite,Na(CaNa)(Mg3Fe3+2)(Al2Si6O22)(OH)2,clinoamphibole group,inosilicate,"[['Na', 2, 1], ['Ca', 1, 2], ['Mg', 3, 2], ['Fe', 2, 3], ['Al', 2, 3], ['Si', 6, 4], ['O', 24, -2], ['H', 2, 1]]","{'Na': 5.23, 'Ca': 4.56, 'Mg': 8.29, 'Fe': 12.7, 'Al': 6.14, 'Si': 19.17, 'O': 43.68, 'H': 0.23}","{'CaO': 6.38, 'Na2O': 7.05, 'MgO': 13.75, 'Fe2O3':  18.14,'Al2O3': 11.60, 'SiO2':  41.00, 'H2O': 2.06}"
magnesio-fluoro-arfvedsonite,NaNa2(Mg4Fe3+)Si8O22F2,clinoamphibole group,inosilicate,"[['Na', 3, 1], ['Mg', 4, 2], ['Fe', 1, 3], ['Si', 8, 4], ['O', 22, -2], ['F', 2, 1]]","{'Na': 8.24, 'Mg': 11.62, 'Fe': 6.67, 'Si': 26.85, 'O': 42.07, 'F': 4.54}","{'Na2O': 11.10, 'MgO': 19.27, 'Fe2O3':  9.53, 'SiO2':  57.44, 'F': 2.66}"
potassic-magnesio-fluoro-arfvedsonite,KNa2(Mg4Fe3+)Si8O22F2,clinoamphibole group,inosilicate,"[['K', 1, 1], ['Na', 2, 1], ['Mg', 4, 2], ['Fe', 1, 3], ['Si', 8, 4], ['O', 22, -2], ['F', 2, 1]]","{'K': 4.58, 'Na': 5.39, 'Mg': 11.4, 'Fe': 6.55, 'Si': 26.35, 'O': 41.27, 'F': 4.46}","{'Na2O': 7.26, 'K2O': 5.52,  'MgO': 18.91, 'Fe2O3':  9.36, 'SiO2':  56.34, 'F': 2.61}"
magnesio-arfvedsonite,{Na}{Na2}{Mg4Fe3+}(Si8O22)(OH)2,clinoamphibole group,inosilicate,"[['Na', 3, 1], ['Mg', 4, 2], ['Fe', 1, 3], ['Si', 8, 4], ['O', 24, -2], ['H', 2, 1]]","{'Na': 8.28, 'Mg': 11.67, 'Fe': 6.71, 'Si': 26.98, 'O': 46.11, 'H': 0.24}","{'Na2O': 11.16, 'MgO': 19.35, 'Fe2O3':  9.59, 'SiO2':  57.7, 'H2O': 2.14}"
potassic-magnesio-arfvedsonite,[K][Na2][Mg4Fe3+]Si8O22(OH)2,clinoamphibole group,inosilicate,"[['K', 1, 1], ['Na', 2, 1], ['Mg', 4, 2], ['Fe', 1, 3], ['Si', 8, 4], ['O', 24, -2], ['H', 2, 1]]","{'K': 4.61, 'Na': 5.42, 'Mg': 11.45, 'Fe': 6.58, 'Si': 26.47, 'O': 45.24, 'H': 0.24}","{'Na2O': 7.3, 'K2O': 5.55,  'MgO': 18.99, 'Fe2O3': 9.40, 'SiO2':  56.65, 'H2O': 2.14}"
potassic-arfvedsonite,KNa2(Fe2+4Fe3+)Si8O22(OH)2,clinoamphibole group,inosilicate,"[['K', 1, 1], ['Na', 2, 1], ['Fe', 4, 2], ['Fe', 1, 3], ['Si', 8, 4], ['O', 24, -2], ['H', 2, 1]]","{'K': 4.01, 'Na': 4.72, 'Fe': 28.63, 'Si': 23.04, 'O': 39.38, 'H': 0.21}","{'Na2O': 6.36, 'K2O': 4.83,  'FeO': 29.47, 'Fe2O3': 8.19, 'SiO2':  49.27, 'H2O': 1.85}"
mangani-eckermannite,NaNa2(Mg4Mn3+)Si8O22(OH)2,clinoamphibole group,inosilicate,"[['Na', 3, 1], ['Mg', 4, 2], ['Mn', 1, 3], ['Si', 8, 4], ['O', 24, -2], ['H', 2, 1]]","{'Na': 8.29, 'Mg': 11.69, 'Mn': 6.6, 'Si': 27.01, 'O': 46.16, 'H': 0.24}","{'Na2O': 11.18, 'MgO': 19.38, 'Mn2O3': 9.49, 'SiO2':  57.78, 'H2O': 2.17}"
mangano-ferri-eckermannite,NaNa2(Mn2+4Fe3+)Si8O22(OH)2,clinoamphibole group,inosilicate,"[['Na', 3, 1], ['Mn', 4, 2], ['Fe', 1, 3], ['Si', 8, 4], ['O', 24, -2], ['H', 2, 1]]","{'Na': 7.22, 'Mn': 23.0, 'Fe': 5.85, 'Si': 23.52, 'O': 40.2, 'H': 0.21}","{'Na2O': 9.74, 'MnO': 29.69, 'Fe2O3': 8.36, 'SiO2':  50.31, 'H2O': 1.89}"
ferro-glaucophane,[Na2][Fe2+3Al2]Si8O22(OH)2,clinoamphibole group,inosilicate,"[['Na', 2, 1], ['Fe', 3, 2], ['Al', 2, 3], ['Si', 8, 4], ['O', 24, -2], ['H', 2, 1]]","{'Na': 5.24, 'Fe': 19.08, 'Al': 6.15, 'Si': 25.58, 'O': 43.73, 'H': 0.23}","{'Na2O': 7.06, 'FeO': 24.54, 'Al2O3': 11.61, 'SiO2':  54.75, 'H2O': 2.05}"
ferro-fluoro-leakeite,{Na}{Na2}{Mg2Fe3+2Li}(Si8O22)F2,clinoamphibole group,inosilicate,"[['Na', 3, 1], ['Mg', 2, 2], ['Fe', 2, 3], ['Li', 1, 1], ['Si', 8, 4], ['O', 22, -2], ['F', 2, 1]]","{'Na': 8.11, 'Mg': 5.71, 'Fe': 13.13, 'Li': 0.82, 'Si': 26.41, 'O': 41.37, 'F': 4.47}","{'Na2O': 10.73, 'MgO': 9.30, 'Fe2O3': 18.42, 'Li2O': 1.72, 'SiO2':  55.45, 'F': 4.38}"
ferri-leakeite,[Na][Na2][Mg2Fe3+2Li]Si8O22(OH)2,clinoamphibole group,inosilicate,"[['Na', 3, 1], ['Mg', 2, 2], ['Fe', 2, 3], ['Li', 1, 1], ['Si', 8, 4], ['O', 24, -2], ['H', 2, 1]]","{'Na': 8.14, 'Mg': 5.74, 'Fe': 13.19, 'Li': 0.82, 'Si': 26.53, 'O': 45.34, 'H': 0.24}","{'Na2O': 10.98, 'MgO': 9.52, 'Fe2O3': 18.85, 'Li2O': 1.76, 'SiO2': 56.75, 'H2O': 2.13}"
ferro-ferri-fluoro-leakeite,Na(Na2)(Fe2+2Fe3+2Li)(Si8O22)(F)2,clinoamphibole group,inosilicate,"[['Na', 3, 1], ['Fe', 2, 2], ['Fe', 2, 3], ['Li', 1, 1], ['Si', 8, 4], ['O', 22, -2], ['F', 2, 1]]","{'Na': 7.55, 'Fe': 24.45, 'Li': 0.76, 'Si': 24.58, 'O': 38.51, 'F': 4.16}","{'Na2O': 10.17, 'FeO': 15.74, 'Fe2O3': 17.49, 'Li2O': 1.64, 'SiO2': 52.56, 'F': 2.16}"
fluoro-leakeite,NaNa2(Mg2Al2Li)(Si8O22)F2,clinoamphibole group,inosilicate,"[['Na', 3, 1], ['Mg', 2, 2], ['Al', 2, 3], ['Li', 1, 1], ['Si', 8, 4], ['O', 22, -2], ['F', 2, 1]]","{'Na': 8.7, 'Mg': 6.13, 'Al': 6.8, 'Li': 0.87, 'Si': 28.33, 'O': 44.38, 'F': 4.79}","{'Na2O': 11.72, 'MgO': 10.16, 'Al2O3': 12.85, 'Li2O': 1.87, 'SiO2': 60.49, 'F': 2.9}"
oxo-mangani-leakeite,NaNa2(Mn3+4Li)Si8O22O2,clinoamphibole group,inosilicate,"[['Na', 3, 1], ['Mn', 4, 3], ['Li', 1, 1], ['Si', 8, 4], ['O', 24, -2]]","{'Na': 7.63, 'Mn': 24.3, 'Li': 0.77, 'Si': 24.84, 'O': 42.46}","{'Na2O': 10.29, 'Li2O': 1.66, 'Mn2O3': 34.91, 'SiO2': 53.18}"
potassic-ferri-leakeite,[K][Na2][Mg2Fe3+2Li]Si8O22(OH)2,clinoamphibole group,inosilicate,"[['K', 1, 1], ['Na', 2, 1], ['Mg', 2, 2], ['Fe', 2, 3], ['Li', 1, 1], ['Si', 8, 4], ['O', 24, -2], ['H', 2, 1]]","{'K': 4.53, 'Na': 5.33, 'Mg': 5.63, 'Fe': 12.94, 'Li': 0.8, 'Si': 26.03, 'O': 44.5, 'H': 0.23}","{'Na2O': 7.18, 'MgO': 9.32,  'K2O': 5.46, 'Fe2O3': 18.50, 'Li2O': 1.72, 'SiO2': 55.70, 'H2O': 2.06}"
potassic-mangani-leakeite,"[(Na,K)][Na2][Mg2Mn3+2Li]Si8O22(OH)2",clinoamphibole group,inosilicate,"[['K', 1, 1], ['Na', 2, 1], ['Mg', 2, 2], ['Mn', 2, 3], ['Li', 1, 1], ['Si', 8, 4], ['O', 24, -2], ['H', 2, 1]]","{'K': 4.54, 'Na': 5.34, 'Mg': 5.64, 'Mn': 12.76, 'Li': 0.81, 'Si': 26.09, 'O': 44.59, 'H': 0.23}","{'Na2O': 7.22, 'MgO': 9.35,  'K2O': 5.47, 'Mn2O3': 18.32, 'Li2O': 1.74, 'SiO2': 55.83, 'H2O': 2.05}"
ferro-ferri-nybøite,NaNa2[(Fe2+3)Fe3+2](AlSi7O22)(OH)2,clinoamphibole group,inosilicate,"[['Na', 3, 1], ['Fe', 3, 2], ['Fe', 2, 3], ['Al', 1, 3], ['Si', 7, 4], ['O', 24, -2], ['H', 2, 1]]","{'Na': 7.2, 'Fe': 29.17, 'Al': 2.82, 'Si': 20.53, 'O': 40.09, 'H': 0.21}","{'Na2O': 9.71, 'FeO': 22.52, 'Fe2O3': 16.69, 'Al2O3': 5.33, 'SiO2': 43.94, 'H2O': 1.88}"
fluoro-nybøite,NaNa2(Mg3Al2)(AlSi7O22)F2,clinoamphibole group,inosilicate,"[['Na', 3, 1], ['Mg', 3, 2], ['Al', 3, 3], ['Si', 7, 4], ['O', 22, -2], ['F', 2, 1]]","{'Na': 8.52, 'Mg': 9.01, 'Al': 10.0, 'Si': 24.29, 'O': 43.49, 'F': 4.69}","{'Na2O': 11.47, 'MgO': 14.95, 'Al2O3': 18.89, 'SiO2': 51.97, 'F': 2.72}"
fluoro-riebeckite,{Na2}{Fe2+3Fe3+2}(Si8O22)F2,clinoamphibole group,inosilicate,"[['Na', 2, 1], ['Fe', 3, 2], ['Fe', 2, 3], ['Si', 8, 4], ['O', 22, -2], ['F', 2, 1]]","{'Na': 4.89, 'Fe': 29.71, 'Si': 23.91, 'O': 37.45, 'F': 4.04}","{'Na2O': 6.59, 'FeO': 22.93, 'Fe2O3': 16.99, 'SiO2': 51.14, 'F': 2.34}"
magnesio-riebeckite,{Na2}{Mg3Fe3+2}(Si8O22)(OH)2,clinoamphibole group,inosilicate,"[['Na', 2, 1], ['Mg', 3, 2], ['Fe', 2, 3], ['Si', 8, 4], ['O', 24, -2], ['H', 2, 1]]","{'Na': 5.47, 'Mg': 8.67, 'Fe': 13.28, 'Si': 26.71, 'O': 45.64, 'H': 0.24}","{'Na2O': 7.37, 'MgO': 14.37, 'Fe2O3': 18.99, 'SiO2': 57.14, 'H2O': 2.14}"
ferro-taramite,Na(CaNa)(Fe2+3Al2)(Al2Si6O22)(OH)2,clinoamphibole group,inosilicate,"[['Na', 2, 1], ['Ca', 1, 2], ['Fe', 3, 2], ['Al', 4, 3], ['Si', 6, 4], ['O', 24, -2], ['H', 2, 1]]","{'Na': 5.02, 'Ca': 4.38, 'Fe': 18.29, 'Al': 11.78, 'Si': 18.4, 'O': 41.92, 'H': 0.22}","{'Na2O':6.77, 'CaO': 6.13, 'FeO': 23.53, 'Al2O3': 22.26, 'SiO2': 39.36, 'H2O': 1.97}"
fluoro-taramite,{Na}{CaNa}{Mg3Al2}(Al2Si6O22)F2,clinoamphibole group,inosilicate,"[['Na', 2, 1], ['Ca', 1, 2], ['Mg', 3, 2], ['Al', 4, 3], ['Si', 6, 4], ['O', 22, -2], ['F', 2, 1]]","{'Na': 5.57, 'Ca': 4.86, 'Mg': 8.83, 'Al': 13.08, 'Si': 20.42, 'O': 42.65, 'F': 4.6}","{'Na2O':7.51, 'CaO': 6.80, 'MgO': 14.64, 'Al2O3': 24.72, 'SiO2': 43.68, 'H2O': 2.6}"
potassic-ferro-ferri-taramite,K(CaNa)(Fe2+3Fe3+2)(Al2Si6O22)(OH)2,clinoamphibole group,inosilicate,"[['K', 1, 1], ['Na', 1, 1], ['Ca', 1, 2], ['Fe', 3, 2], ['Fe', 2, 3], ['Al', 2, 3], ['Si', 6, 4], ['O', 24, -2], ['H', 2, 1]]","{'K': 3.95, 'Na': 2.32, 'Ca': 4.05, 'Fe': 28.21, 'Al': 5.45, 'Si': 17.02, 'O': 38.79, 'H': 0.2}","{'Na2O':3.13, 'K2O': 4.76, 'CaO': 5.67, 'FeO': 21.77, 'Fe2O3': 16.13, 'Al2O3': 10.30, 'SiO2': 36.43, 'H2O': 1.79}"
scandio-winchite,(NaCa)(Mg4Sc)(Si8O22)(OH)2,clinoamphibole group,inosilicate,"[['Na', 1, 1], ['Ca', 1, 2], ['Mg', 4, 2], ['Sc', 1, 3], ['Si', 8, 4], ['O', 24, -2], ['H', 2, 1]]","{'Na': 2.82, 'Ca': 4.91, 'Mg': 11.92, 'Sc': 5.51, 'Si': 27.54, 'O': 47.06, 'H': 0.25}","{'Na2O': 3.80, 'CaO': 6.87, 'MgO': 19.76, 'Sc2O3': 8.45, 'SiO2': 58.91, 'H2O': 2.23}"
potassic-ferro-taramite,K{CaNa}{Fe2+3Al2}{Si6Al2}O22(OH)2,clinoamphibole group,inosilicate,"[['K', 1, 1], ['Na', 1, 1], ['Ca', 1, 2], ['Fe', 3, 2], ['Al', 4, 3], ['Si', 6, 4], ['O', 24, -2], ['H', 2, 1]]","{'K': 4.19, 'Na': 2.47, 'Ca': 4.3, 'Fe': 17.97, 'Al': 11.58, 'Si': 18.08, 'O': 41.19, 'H': 0.22}","{'Na2O': 3.33, 'K2O': 5.05, 'CaO': 6.02, 'FeO': 23.12, 'Al2O3': 21.88, 'SiO2': 38.68, 'H2O': 1.97}"
ferro-richterite,{Na}{CaNa}{Fe2+5}(Si8O22)(OH)2,clinoamphibole group,inosilicate,"[['Na', 2, 1], ['Ca', 1, 2], ['Fe', 5, 2], ['Si', 8, 4], ['O', 24, -2], ['H', 2, 1]]","{'Na': 4.71, 'Ca': 4.11, 'Fe': 28.61, 'Si': 23.02, 'O': 39.35, 'H': 0.21}","{'Na2O': 6.35, 'CaO': 5.75, 'FeO': 36.81,'SiO2': 49.24, 'H2O': 1.88}"
fluoro-richterite,{Na}{CaNa}{Mg5}(Si8O22)(F)2,clinoamphibole group,inosilicate,"[['Na', 2, 1], ['Ca', 1, 2], ['Mg', 5, 2], ['Si', 8, 4], ['O', 22, -2], ['F', 2, 1]]","{'Na': 5.59, 'Ca': 4.87, 'Mg': 14.78, 'Si': 27.32, 'O': 42.81, 'F': 4.62}","{'Na2O': 7.54, 'CaO': 6.81, 'MgO': 24.50, 'SiO2': 58.44, 'F': 2.7}"
potassic-fluoro-richterite,{K}{CaNa}{Mg5}(Si8O22)(F)2,clinoamphibole group,inosilicate,"[['K', 1, 1], ['Na', 1, 1], ['Ca', 1, 2], ['Mg', 5, 2], ['Si', 8, 4], ['O', 22, -2], ['F', 2, 1]]","{'K': 4.66, 'Na': 2.74, 'Ca': 4.78, 'Mg': 14.5, 'Si': 26.8, 'O': 41.99, 'F': 4.53}","{'Na2O': 3.69, 'K2O' :5.61, 'CaO': 6.69, 'MgO': 24.04, 'SiO2': 57.33, 'F': 2.63}"
potassic-richterite, {K}{CaNa}{Mg5}Si8O22(OH)2,clinoamphibole group,inosilicate,"[['K', 1, 1], ['Na', 1, 1], ['Ca', 1, 2], ['Mg', 5, 2], ['Si', 8, 4], ['O', 24, -2], ['H', 2, 1]]","{'K': 4.69, 'Na': 2.76, 'Ca': 4.8, 'Mg': 14.56, 'Si': 26.93, 'O': 46.02, 'H': 0.24}","{'Na2O': 3.72, 'K2O' :5.65, 'CaO': 6.72, 'MgO': 24.14, 'SiO2': 57.61, 'H2O': 2.14}"
ferri-fluoro-katophorite,Na(CaNa)(Mg4Fe3+)(AlSi7O22)F2,clinoamphibole group,inosilicate,"[['Na', 2, 1], ['Ca', 1, 2], ['Mg', 4, 2], ['Fe', 1, 3], ['Al', 1, 3], ['Si', 7, 4], ['O', 22, -2], ['F', 2, 1]]","{'Na': 5.39, 'Ca': 4.7, 'Mg': 11.4, 'Fe': 6.55, 'Al': 3.16, 'Si': 23.06, 'O': 41.28, 'F': 4.46}","{'Na2O': 7.27, 'CaO': 6.58, 'MgO': 18.90,'Fe2O3': 9.36, 'Al2O3': 5.97, 'SiO2': 49.33, 'F': 2.59}"
ferri-katophorite,Na(CaNa)(Mg4Fe3+)(AlSi7O22)(OH)2,clinoamphibole group,inosilicate,"[['Na', 2, 1], ['Ca', 1, 2], ['Mg', 4, 2], ['Fe', 1, 3], ['Al', 1, 3], ['Si', 7, 4], ['O', 24, -2], ['H', 2, 1]]","{'Na': 5.42, 'Ca': 4.72, 'Mg': 11.45, 'Fe': 6.58, 'Al': 3.18, 'Si': 23.16, 'O': 45.24, 'H': 0.24}","{'Na2O': 7.31, 'CaO': 6.60, 'MgO': 18.98,'Fe2O3': 9.41, 'Al2O3': 6.01, 'SiO2': 49.54, 'H2O': 2.15}"
ferro-ferri-katophorite,Na(NaCa)(Fe2+4Fe3+)(Si7Al)O22(OH)2,clinoamphibole group,inosilicate,"[['Na', 2, 1], ['Ca', 1, 2], ['Fe', 4, 2], ['Fe', 1, 3], ['Al', 1, 3], ['Si', 7, 4], ['O', 24, -2], ['H', 2, 1]]","{'Na': 4.72, 'Ca': 4.11, 'Fe': 28.64, 'Al': 2.77, 'Si': 20.17, 'O': 39.39, 'H': 0.21}","{'Na2O': 6.36, 'CaO': 5.75, 'FeO': 29.48, 'Fe2O3': 8.19, 'Al2O3': 5.23, 'SiO2': 43.15, 'H2O': 1.85}"
ferro-katophorite,{Na}{CaNa}{Fe2+4Al}[(AlSi7)O22](OH)2,clinoamphibole group,inosilicate,"[['Na', 2, 1], ['Ca', 1, 2], ['Fe', 4, 2], ['Al', 2, 3], ['Si', 7, 4], ['O', 24, -2], ['H', 2, 1]]","{'Na': 4.86, 'Ca': 4.24, 'Fe': 23.61, 'Al': 5.7, 'Si': 20.78, 'O': 40.59, 'H': 0.21}","{'Na2O': 6.55, 'CaO': 5.93, 'FeO': 30.38, 'Al2O3': 10.77, 'SiO2': 44.46, 'H2O': 1.88}"
barroisite,{CaNa}{Mg3Al2}(AlSi7O22)(OH)2,clinoamphibole group,inosilicate,"[['Na', 1, 1], ['Ca', 1, 2], ['Mg', 3, 2], ['Al', 3, 3], ['Si', 7, 4], ['O', 24, -2], ['H', 2, 1]]","{'Na': 2.88, 'Ca': 5.01, 'Mg': 9.12, 'Al': 10.12, 'Si': 24.59, 'O': 48.03, 'H': 0.25}","{'Na2O': 3.88, 'CaO': 7.01, 'MgO': 15.12, 'Al2O3': 19.12, 'SiO2': 52.60, 'H2O': 2.23}"
ferro-fluoro-edenite,NaCa2Fe2+5(AlSi7O22)F2,clinoamphibole group,inosilicate,"[['Na', 1, 1], ['Ca', 2, 2], ['Fe', 5, 2], ['Al', 1, 3], ['Si', 7, 4], ['O', 22, -2], ['F', 2, 1]]","{'Na': 2.31, 'Ca': 8.05, 'Fe': 28.04, 'Al': 2.71, 'Si': 19.74, 'O': 35.34, 'F': 3.82}","{'Na2O': 3.11, 'CaO': 11.26, 'FeO': 36.0, 'Al2O3': 5.12, 'SiO2': 42.23, 'F': 2.22}"
magnesio-hornblende,Ca2(Mg4Al)(Si7Al)O22(OH)2,clinoamphibole group,inosilicate,"[['Ca', 2, 2], ['Mg', 4, 2], ['Al', 2, 3], ['Si', 7, 4], ['O', 24, -2], ['H', 2, 1]]","{'Ca': 9.85, 'Mg': 11.94, 'Al': 6.63, 'Si': 24.15, 'O': 47.18, 'H': 0.25}","{'CaO': 13.78, 'MgO': 19.80, 'Al2O3': 12.53, 'SiO2': 51.67, 'H2O':2.23}"
chromio-pargasite,NaCa2(Mg4Cr)(Si6Al2)O22(OH)2,clinoamphibole group,inosilicate,"[['Na', 1, 1], ['Ca', 2, 2], ['Mg', 4, 2], ['Cr', 1, 3], ['Al', 2, 3], ['Si', 6, 4], ['O', 24, -2], ['H', 2, 1]]","{'Na': 2.67, 'Ca': 9.31, 'Mg': 11.29, 'Cr': 6.04, 'Al': 6.27, 'Si': 19.57, 'O': 44.61, 'H': 0.23}","{'Na2O': 3.60, 'CaO': 13.03, 'MgO': 18.72, 'Cr2O3': 8.83, 'Al2O3': 11.85, 'SiO2': 41.86, 'H2O': 2.06}"
ferro-pargasite,NaCa2(Fe2+4Al)(Si6Al2)O22(OH)2,clinoamphibole group,inosilicate,"[['Na', 1, 1], ['Ca', 2, 2], ['Fe', 4, 2], ['Al', 3, 3], ['Si', 6, 4], ['O', 24, -2], ['H', 2, 1]]","{'Na': 2.39, 'Ca': 8.33, 'Fe': 23.22, 'Al': 8.41, 'Si': 17.52, 'O': 39.92, 'H': 0.21}","{'Na2O': 3.22, 'CaO': 11.66, 'FeO': 29.87, 'Al2O3': 15.89, 'SiO2': 37.48, 'H2O': 1.88}"
fluoro-pargasite,NaCa2(Mg4Al)(Si6Al2)O22F2,clinoamphibole group,inosilicate,"[['Na', 1, 1], ['Ca', 2, 2], ['Mg', 4, 2], ['Al', 3, 3], ['Si', 6, 4], ['O', 22, -2], ['F', 2, 1]]","{'Na': 2.74, 'Ca': 9.54, 'Mg': 11.58, 'Al': 9.64, 'Si': 20.07, 'O': 41.91, 'F': 4.52}","{'Na2O': 3.69, 'CaO': 13.35, 'MgO': 19.20, 'Al2O3': 18.21, 'SiO2': 42.93, 'F': 2.6}"
mangani-pargasite,NaCa2(Mg4Mn3+)(Si6Al2)O22(OH)2,clinoamphibole group,inosilicate,"[['Na', 1, 1], ['Ca', 2, 2], ['Mg', 4, 2], ['Mn', 1, 3], ['Al', 2, 3], ['Si', 6, 4], ['O', 24, -2], ['H', 2, 1]]","{'Na': 2.66, 'Ca': 9.28, 'Mg': 11.25, 'Mn': 6.36, 'Al': 6.25, 'Si': 19.51, 'O': 44.46, 'H': 0.23}","{'Na2O': 3.59, 'CaO': 12.98, 'MgO': 18.65, 'Mn2O3': 9.14, 'Al2O3': 11.81, 'SiO2': 41.73, 'F': 2.06}"
potassic-chloro-pargasite,KCa2(Mg4Al)(Si6Al2)O22Cl2,clinoamphibole group,inosilicate,"[['K', 1, 1], ['Ca', 2, 2], ['Mg', 4, 2], ['Al', 3, 3], ['Si', 6, 4], ['O', 22, -2], ['Cl', 2, 1]]","{'K': 4.4, 'Ca': 9.02, 'Mg': 10.94, 'Al': 9.11, 'Si': 18.96, 'O': 39.6, 'Cl': 7.98}","{'K2O': 5.30, 'CaO': 12.62, 'MgO': 18.14, 'Al2O3': 17.21, 'SiO2': 40.56, 'Cl': 6.16}"
potassic-ferro-pargasite,KCa2(Fe2+4Al)(Si6Al2)O22(OH)2,clinoamphibole group,inosilicate,"[['K', 1, 1], ['Ca', 2, 2], ['Fe', 4, 2], ['Al', 3, 3], ['Si', 6, 4], ['O', 24, -2], ['H', 2, 1]]","{'K': 4.0, 'Ca': 8.2, 'Fe': 22.84, 'Al': 8.28, 'Si': 17.23, 'O': 39.26, 'H': 0.21}","{'K2O': 4.82, 'CaO': 11.47, 'FeO': 29.37, 'Al2O3': 15.64, 'SiO2': 36.84, 'H2O':1.88}"
potassic-fluoro-pargasite,KCa2(Mg4Al)(Si6Al2)O22F2,clinoamphibole group,inosilicate,"[['K', 1, 1], ['Ca', 2, 2], ['Mg', 4, 2], ['Al', 3, 3], ['Si', 6, 4], ['O', 22, -2], ['F', 2, 1]]","{'K': 4.57, 'Ca': 9.36, 'Mg': 11.36, 'Al': 9.46, 'Si': 19.69, 'O': 41.13, 'F': 4.44}","{'K2O': 5.40, 'CaO': 12.86, 'MgO': 18.49, 'Al2O3': 17.55, 'SiO2': 41.35, 'F': 4.36}"
potassic-pargasite,KCa2(Mg4Al)(Si6Al2)O22(OH)2,clinoamphibole group,inosilicate,"[['K', 1, 1], ['Ca', 2, 2], ['Mg', 4, 2], ['Al', 3, 3], ['Si', 6, 4], ['O', 24, -2], ['H', 2, 1]]","{'K': 4.59, 'Ca': 9.41, 'Mg': 11.41, 'Al': 9.5, 'Si': 19.78, 'O': 45.07, 'H': 0.24}","{'K2O': 5.52, 'CaO':  13.17, 'MgO': 18.91, 'Al2O3': 17.95, 'SiO2': 42.32, 'H20': 2.15}"
diopside,CaMgSi2O6,clinopyroxene group,inosilicate,"[['Ca', 1, 2], ['Mg', 1, 2], ['Si', 2, 4], ['O', 6, -2]]","{'Ca': 18.51, 'Mg': 11.22, 'Si': 25.94, 'O': 44.33}","{'CaO': 25.90, 'MgO': 18.61, 'SiO2': 55.49}"
hedenbergite,CaFe2+Si2O6,clinopyroxene group,inosilicate,"[['Ca', 1, 2], ['Fe', 1, 2], ['Si', 2, 4], ['O', 6, -2]]","{'Ca': 16.15, 'Fe': 22.51, 'Si': 22.64, 'O': 38.7}","{'CaO': 22.60, 'FeO': 28.96, 'SiO2': 48.44}"
jadeite,NaAlSi2O6,clinopyroxene group,inosilicate,"[['Na', 1, 1], ['Al', 1, 3], ['Si', 2, 4], ['O', 6, -2]]","{'Na': 11.37, 'Al': 13.35, 'Si': 27.79, 'O': 47.49}","{'Na2O': 15.30, 'Al2O3': 25.21, 'SiO2': 59.39}"
aegirine,NaFe3+Si2O6,clinopyroxene group,inosilicate,"[['Na', 1, 1], ['Fe', 1, 3], ['Si', 2, 4], ['O', 6, -2]]","{'Na': 9.95, 'Fe': 24.17, 'Si': 24.32, 'O': 41.56}","{'Na2O': 13.42, 'Fe2O3': 34.56, 'SiO2': 52.02}"
davisite,CaScAlSiO6,clinopyroxene group,inosilicate,"[['Ca', 1, 2], ['Sc', 1, 3], ['Al', 1, 3], ['Si', 1, 4], ['O', 6, -2]]","{'Ca': 16.97, 'Sc': 19.04, 'Al': 11.43, 'Si': 11.9, 'O': 40.66}","{'CaO': 23.75, 'Sc2O3': 25.95, 'Al2O3': 21.61, 'SiO2': 28.69}"
esseneite,CaFe3+AlSiO6,clinopyroxene group,inosilicate,"[['Ca', 1, 2], ['Fe', 1, 3], ['Al', 1, 3], ['Si', 1, 4], ['O', 6, -2]]","{'Ca': 16.23, 'Fe': 22.61, 'Al': 10.92, 'Si': 11.37, 'O': 38.87}","{'CaO': 22.70, 'Al2O3': 20.64, 'Fe2O3': 32.33, 'SiO2': 24.33}"
johannsenite,CaMnSi2O6,clinopyroxene group,inosilicate,"[['Ca', 1, 2], ['Mn', 1, 2], ['Si', 2, 4], ['O', 6, -2]]","{'Ca': 16.21, 'Mn': 22.23, 'Si': 22.72, 'O': 38.84}","{'CaO': 22.69, 'MnO': 28.70, 'SiO2': 48.62}"
kanoite,MnMgSi2O6,clinopyroxene group,inosilicate,"[['Mn', 1, 2], ['Mg', 1, 2], ['Si', 2, 4], ['O', 6, -2]]","{'Mn': 23.74, 'Mg': 10.5, 'Si': 24.27, 'O': 41.48}","{'MnO': 30.52, 'MgO': 17.40, 'SiO2':52.08}"
kosmochlor,NaCr3+Si2O6,clinopyroxene group,inosilicate,"[['Na', 1, 1], ['Cr', 1, 3], ['Si', 2, 4], ['O', 6, -2]]","{'Na': 10.12, 'Cr': 22.89, 'Si': 24.73, 'O': 42.26}","{'Na2O': 13.64, 'Cr2O3': 33.46, 'SiO2': 52.90}"
spodumene,LiAlSi2O6,clinopyroxene group,inosilicate,"[['Li', 1, 1], ['Al', 1, 3], ['Si', 2, 4], ['O', 6, -2]]","{'Li': 3.73, 'Al': 14.5, 'Si': 30.18, 'O': 51.59}","{'Li2O': 8.03, 'Al2O3': 27.40, 'SiO2': 64.58}"
colomeraite,NaTi3+Si2O6,clinopyroxene group,inosilicate,"[['Na', 1, 1], ['Ti', 1, 3], ['Si', 2, 4], ['O', 6, -2]]","{'Na': 10.31, 'Ti': 21.46, 'Si': 25.19, 'O': 43.04}","{'Na2O': 13.90, 'Ti2O3': 40.77, 'SiO2': 45.33}"
jervisite,NaSc3+Si2O6,clinopyroxene group,inosilicate,"[['Na', 1, 1], ['Sc', 1, 3], ['Si', 2, 4], ['O', 6, -2]]","{'Na': 10.44, 'Sc': 20.42, 'Si': 25.52, 'O': 43.61}","{'Na2O': 14.07, 'Sc2O3': 43.13, 'SiO2': 42.80}"
kushiroite, CaAl[AlSiO6],clinopyroxene group,inosilicate,"[['Ca', 1, 2], ['Al', 2, 3], ['Si', 1, 4], ['O', 6, -2]]","{'Ca': 18.37, 'Al': 24.74, 'Si': 12.88, 'O': 44.01}","{'CaO': 25.71, 'Al2O3': 46.74, 'SiO2': 27.55}"
prehnite,Ca2Al(Si3Al)O10(OH)2,nan,inosilicate,"[['Ca', 2, 2], ['Al', 2, 3], ['Si', 3, 4], ['O', 12, -2], ['H', 2, 1]]","{'Ca': 20.27, 'Al': 13.65, 'Si': 21.31, 'O': 44.51, 'H': 0.25}","{'CaO': 28.37, 'Al2O3': 25.29, 'H2O': 2.28, 'SiO2': 44.19}"
aenigmatite,Na4[Fe2+10Ti2]O4[Si12O36],sapphirine group,inosilicate,"[['Na', 4, 1], ['Fe', 10, 2], ['Ti', 2, 4], ['Si', 12, 4], ['O', 40, -2]]","{'Na': 5.34, 'Fe': 32.41, 'Ti': 5.56, 'Si': 19.56, 'O': 37.14}","{'Na2O': 7.18, 'FeO': 41.64, 'TiO2': 9.35, 'SiO2': 41.83}"
serendibite,Ca4[Mg6Al6]O4[Si6B3Al3O36],sapphirine group,inosilicate,"[['Ca', 4, 2], ['Mg', 6, 2], ['Al', 9, 3], ['Si', 6, 4], ['B', 3, 3], ['O', 40, -2]]","{'Ca': 11.53, 'Mg': 10.49, 'Al': 17.47, 'Si': 12.12, 'B': 2.33, 'O': 46.05}","{'MgO': 17.40, 'CaO': 16.14, 'Al2O3': 32.99, 'SiO2': 25.93, 'B2O3': 7.51}"
bustamite,Mn2Ca2MnCa(Si3O9)2,wollastonite group,inosilicate,"[['Mn', 3, 2], ['Ca', 3, 2], ['Si', 6, 4], ['O', 18, -2]]","{'Mn': 22.23, 'Ca': 16.21, 'Si': 22.72, 'O': 38.84}","{'CaO': 22.68, 'MnO': 28.69, 'SiO2': 48.61}"
mendigite,Mn2Mn2MnCa(Si3O9)2,wollastonite group,inosilicate,"[['Mn', 5, 2], ['Ca', 1, 2], ['Si', 6, 4], ['O', 18, -2]]","{'Mn': 35.61, 'Ca': 5.2, 'Si': 21.85, 'O': 37.34}","{'CaO': 7.28, 'MnO': 45.96, 'SiO2': 46.76}"
pectolite,NaCa2Si3O8(OH),wollastonite group,inosilicate,"[['Na', 1, 1], ['Ca', 2, 2], ['Si', 3, 4], ['O', 9, -2], ['H', 1, 1]]","{'Na': 6.92, 'Ca': 24.11, 'Si': 25.35, 'O': 43.32, 'H': 0.3}","{'Na2O': 9.32, 'CaO': 33.74, 'SiO2': 54.23, 'H2O': 2.71}"
wollastonite,CaSiO3,wollastonite group,inosilicate,"[['Ca', 1, 2], ['Si', 1, 4], ['O', 3, -2]]","{'Ca': 34.5, 'Si': 24.18, 'O': 41.32}","{'CaO': 48.28, 'SiO2':51.72}"
potassic-ferro-sadanagaite,{K}{Ca2}{Fe2+3Al2}(Al3Si5O22)(OH)2,clinoamphibole group,inosilicate,"[['K', 1, 1], ['Ca', 2, 2], ['Fe', 3, 2], ['Al', 5, 3], ['Si', 5, 4], ['O', 24, -2], ['H', 2, 1]]","{'K': 4.12, 'Ca': 8.45, 'Fe': 17.67, 'Al': 14.23, 'Si': 14.81, 'O': 40.5, 'H': 0.21}","{'CaO': 11.82, 'K2O': 4.96, 'FeO': 22.74, 'Al2O3': 26.91, 'SiO2':31.69, 'H2O': 1.88}"
potassic-sadanagaite,{K}{Ca2}{Mg3Al2}(Al3Si5O22)(OH)2,clinoamphibole group,inosilicate,"[['K', 1, 1], ['Ca', 2, 2], ['Mg', 3, 2], ['Al', 5, 3], ['Si', 5, 4], ['O', 24, -2], ['H', 2, 1]]","{'K': 4.58, 'Ca': 9.39, 'Mg': 8.54, 'Al': 15.81, 'Si': 16.45, 'O': 44.99, 'H': 0.24}","{'CaO': 13.13, 'K2O': 5.52, 'MgO': 14.16, 'Al2O3': 29.88, 'SiO2':35.20, 'H2O': 2.14}"
fluoro-tremolite,Ca2Mg5(Si8O22)F2,clinoamphibole group,inosilicate,"[['Ca', 2, 2], ['Mg', 5, 2], ['Si', 8, 4], ['O', 22, -2], ['F', 2, 1]]","{'Ca': 9.82, 'Mg': 14.89, 'Si': 27.52, 'O': 43.12, 'F': 4.65}","{'MgO': 24.68, 'CaO': 13.73, 'SiO2':58.89, 'F': 2.7}"
ferro-tschermakite,{Ca2}{Fe2+3Al2}(Al2Si6O22)(OH)2,clinoamphibole group,inosilicate,"[['Ca', 2, 2], ['Fe', 3, 2], ['Al', 4, 3], ['Si', 6, 4], ['O', 24, -2], ['H', 2, 1]]","{'Ca': 8.81, 'Fe': 18.41, 'Al': 11.86, 'Si': 18.51, 'O': 42.19, 'H': 0.22}","{'CaO': 11.94, 'FeO': 22.95, 'Al2O3': 16.29, 'Fe2O3': 8.50, 'SiO2':38.39, 'H2O': 1.92}"
ferro-fluoro-pedrizite,Na(Li2)(Fe2+2Al2Li)[Si8O22]F2,clinoamphibole group,inosilicate,"[['Na', 1, 1], ['Li', 3, 1], ['Fe', 2, 2], ['Al', 2, 3], ['Si', 8, 4], ['O', 22, -2], ['F', 2, 1]]","{'Na': 2.79, 'Li': 2.53, 'Fe': 13.55, 'Al': 6.55, 'Si': 27.26, 'O': 42.71, 'F': 4.61}","{'Na2O': 3.76, 'Li2O': 5.45, 'Al2O3': 12.37, 'FeO': 17.42, 'SiO2':58.27, 'F': 2.73}"
ferro-pedrizite,NaLi2(Fe2+2Al2Li)Si8O22(OH)2,clinoamphibole group,inosilicate,"[['Na', 1, 1], ['Li', 3, 1], ['Fe', 2, 2], ['Al', 2, 3], ['Si', 8, 4], ['O', 24, -2], ['H', 2, 1]]","{'Na': 2.8, 'Li': 2.54, 'Fe': 13.62, 'Al': 6.58, 'Si': 27.39, 'O': 46.82, 'H': 0.25}","{'Na2O': 3.78, 'Li2O': 5.47, 'Al2O3': 12.43, 'FeO': 17.51, 'SiO2':58.58, 'H2O': 2.23}"
clino-ferro-suenoite,{Mn2+2}{Fe2+5}(Si8O22)(OH)2,clinoamphibole group,inosilicate,"[['Mn', 2, 2], ['Fe', 5, 2], ['Si', 8, 4], ['O', 24, -2], ['H', 2, 1]]","{'Mn': 10.99, 'Fe': 27.93, 'Si': 22.47, 'O': 38.41, 'H': 0.2}","{'H2O': 1.79, 'MnO': 14.18, 'FeO': 35.91, 'SiO2':48.01}"
clino-suenoite,{Mn2+2}{Mg5}(Si8O22)(OH)2,clinoamphibole group,inosilicate,"[['Mn', 2, 2], ['Mg', 5, 2], ['Si', 8, 4], ['O', 24, -2], ['H', 2, 1]]","{'Mn': 13.05, 'Mg': 14.43, 'Si': 26.68, 'O': 45.6, 'H': 0.24}","{'H2O': 2.14, 'MnO': 16.84, 'MgO': 23.92, 'SiO2':57.07}"
ferri-ghoseite,[Mn2+Na][Mg4Fe3+]Si8O22(OH)2,clinoamphibole group,inosilicate,"[['Mn', 1, 2], ['Na', 1, 1], ['Mg', 4, 2], ['Fe', 1, 3], ['Si', 8, 4], ['O', 24, -2], ['H', 2, 1]]","{'Mn': 6.53, 'Na': 2.73, 'Mg': 11.55, 'Fe': 6.63, 'Si': 26.69, 'O': 45.62, 'H': 0.24}","{'Na2O': 3.68, 'MnO': 8.43, 'MgO': 19.15, 'Fe2O3': 9.49, 'SiO2':57.11, 'H2O': 2.14}"
ryabchikovite,CuMgSi2O6,clinopyroxene group,inosilicate,"[['Cu', 1, 2], ['Mg', 1, 2], ['Si', 2, 4], ['O', 6, -2]]","{'Cu': 26.48, 'Mg': 10.13, 'Si': 23.4, 'O': 40.0}","{'CuO':33.15, 'MgO': 16.79, 'SiO2': 50.06}"
krinovite,Na4[Mg8Cr3+4]O4[Si12O36],sapphirine group,inosilicate,"[['Na', 4, 1], ['Mg', 8, 2], ['Cr', 4, 3], ['Si', 12, 4], ['O', 40, -2]]","{'Na': 6.25, 'Mg': 13.21, 'Cr': 14.14, 'Si': 22.9, 'O': 43.5}","{'Na2O': 8.42, 'MgO': 21.91, 'Cr2O3': 20.65, 'SiO2': 49}"
wilkinsonite,Na4[Fe2+8Fe3+4]O4[Si12O36],sapphirine group,inosilicate,"[['Na', 4, 1], ['Fe', 8, 2], ['Fe', 4, 3], ['Si', 12, 4], ['O', 40, -2]]","{'Na': 5.29, 'Fe': 38.53, 'Si': 19.38, 'O': 36.8}","{'Na2O': 7.13, 'FeO': 33.05, 'Fe2O3': 18.36, 'SiO2':41.46}"
rhönite,Ca4[Mg8Fe3+2Ti2]O4[Si6Al6O36],sapphirine group,inosilicate,"[['Ca', 4, 2], ['Mg', 8, 2], ['Fe', 2, 3], ['Ti', 2, 4], ['Si', 6, 4], ['Al', 6, 3], ['O', 40, -2]]","{'Ca': 10.46, 'Mg': 12.69, 'Fe': 7.29, 'Ti': 6.25, 'Si': 11.0, 'Al': 10.56, 'O': 41.76}","{'CaO': 14.64, 'MgO': 21.04, 'Al2O3': 19.95, 'Fe2O3': 10.42, 'TiO2': 10.43, 'SiO2': 23.52}"
sapphirine,Mg4(Mg3Al9)O4[Si3Al9O36],sapphirine group,inosilicate,"[['Mg', 7, 2], ['Al', 18, 3], ['Si', 3, 4], ['O', 40, -2]]","{'Mg': 21.34, 'Al': 25.67, 'Si': 6.11, 'O': 46.83}","{'MgO': 36.49,  'Al2O3':50, 'SiO2': 13.48}"
petedunnite,CaZnSi2O6,clinopyroxene group,inosilicate,"[['Ca', 1, 2], ['Zn', 1, 2], ['Si', 2, 4], ['O', 6, -2]]","{'Ca': 15.56, 'Zn': 25.38, 'Si': 21.8, 'O': 37.26}","{'CaO': 21.77,  'ZnO':31.55, 'SiO2': 46.68}"
grossmanite,CaTi3+ AlSiO6,clinopyroxene group,inosilicate,"[['Ca', 1, 2], ['Ti', 1, 3], ['Al', 1, 3], ['Si', 1, 4], ['O', 6, -2]]","{'Ca': 16.77, 'Ti': 20.03, 'Al': 11.29, 'Si': 11.75, 'O': 40.17}","{'CaO': 23.46, 'Ti2O3': 30.07, 'Al2O3': 21.33, 'SiO2':25.14}"
suenoite,Mn2Mg5Si8O22(OH)2,orthoamphibole group,inosilicate,"[['Mn', 2, 2], ['Mg', 5, 2], ['Si', 8, 4], ['O', 24, -2], ['H', 2, 1]]","{'Mn': 13.05, 'Mg': 14.43, 'Si': 26.68, 'O': 45.6, 'H': 0.24}","{'MnO':16.85, 'MgO': 23.94, 'H2O': 2.14, 'SiO2':57.06}"
enstatite,Mg2Si2O6,orthopyroxene group,inosilicate,"[['Mg', 2, 2], ['Si', 2, 4], ['O', 6, -2]]","{'Mg': 24.21, 'Si': 27.98, 'O': 47.81}","{'MgO': 40.15, 'SiO2':59.85}"
ferrosilite,Fe2+2Si2O6,orthopyroxene group,inosilicate,"[['Fe', 2, 2], ['Si', 2, 4], ['O', 6, -2]]","{'Fe': 42.33, 'Si': 21.29, 'O': 36.38}","{'FeO': 54.47, 'SiO2':45.53}"
holmquistite,{Li2}{Mg3Al2}(Si8O22)(OH)2,orthoamphibole group,inosilicate,"[['Li', 2, 1], ['Mg', 3, 2], ['Al', 2, 3], ['Si', 8, 4], ['O', 24, -2], ['H', 2, 1]]","{'Li': 1.85, 'Mg': 9.7, 'Al': 7.18, 'Si': 29.9, 'O': 51.1, 'H': 0.27}","{'MgO': 16.09, 'Li2O': 3.98, 'Al2O3': 13.57, 'SiO2':63.97, 'H20': 2.40 }"
anthophyllite,{Mg2}{Mg5}(Si8O22)(OH)2,orthoamphibole group,inosilicate,"[['Mg', 7, 2], ['Si', 8, 4], ['O', 24, -2], ['H', 2, 1]]","{'Mg': 21.79, 'Si': 28.77, 'O': 49.18, 'H': 0.26}","{'MgO': 36.13,  'SiO2':61.56, 'H20': 2.31}"
gedrite,{Mg2}{Mg3Al2}(Al2Si6O22)(OH)2,orthoamphibole group,inosilicate,"[['Mg', 5, 2], ['Al', 4, 3], ['Si', 6, 4], ['O', 24, -2], ['H', 2, 1]]","{'Mg': 15.5, 'Al': 13.77, 'Si': 21.49, 'O': 48.98, 'H': 0.26}","{'MgO': 25.71, 'Al2O3': 26.01, 'SiO2':45.98, 'H20': 2.30}"
ferro-gedrite,{Fe2+2}{Fe2+3Al2}(Al2Si6O22)(OH)2,orthoamphibole group,inosilicate,"[['Fe', 5, 2], ['Al', 4, 3], ['Si', 6, 4], ['O', 24, -2], ['H', 2, 1]]","{'Fe': 29.65, 'Al': 11.46, 'Si': 17.89, 'O': 40.78, 'H': 0.21}","{'FeO': 38.15, 'Al2O3': 21.66, 'SiO2': 38.28, 'H20': 1.91}"
ferro-anthophyllite,{Fe2+2}{Fe2+5}(Si8O22)(OH)2,orthoamphibole group,inosilicate,"[['Fe', 7, 2], ['Si', 8, 4], ['O', 24, -2], ['H', 2, 1]]","{'Fe': 39.03, 'Si': 22.43, 'O': 38.34, 'H': 0.2}","{'FeO': 50.21, 'SiO2': 47.99, 'H20': 1.80}"